Season,RoundNumber,RaceName,Driver,Team,NumPitStops,FirstPitStopLap,TireSequence,StartCompound,EndCompound
2025,1,Australian Grand Prix,DOO,Alpine,0,,INTERMEDIATE,INTERMEDIATE,INTERMEDIATE
2025,1,Australian Grand Prix,GAS,Alpine,5,2,INTERMEDIATE -> INTERMEDIATE -> INTERMEDIATE -> INTERMEDIATE -> HARD -> INTERMEDIATE,INTERMEDIATE,INTERMEDIATE
2025,1,Australian Grand Prix,ALO,Aston Martin,3,2,INTERMEDIATE -> INTERMEDIATE -> INTERMEDIATE -> INTERMEDIATE,INTERMEDIATE,INTERMEDIATE
2025,1,Australian Grand Prix,STR,Aston Martin,5,2,INTERMEDIATE -> INTERMEDIATE -> INTERMEDIATE -> INTERMEDIATE -> HARD -> INTERMEDIATE,INTERMEDIATE,INTERMEDIATE
2025,1,Australian Grand Prix,HAM,Ferrari,5,2,INTERMEDIATE -> INTERMEDIATE -> INTERMEDIATE -> INTERMEDIATE -> HARD -> INTERMEDIATE,INTERMEDIATE,INTERMEDIATE
2025,1,Australian Grand Prix,LEC,Ferrari,5,2,INTERMEDIATE -> INTERMEDIATE -> INTERMEDIATE -> INTERMEDIATE -> HARD -> INTERMEDIATE,INTERMEDIATE,INTERMEDIATE
2025,1,Australian Grand Prix,BEA,Haas F1 Team,5,2,INTERMEDIATE -> INTERMEDIATE -> INTERMEDIATE -> INTERMEDIATE -> MEDIUM -> INTERMEDIATE,INTERMEDIATE,INTERMEDIATE
2025,1,Australian Grand Prix,OCO,Haas F1 Team,5,2,INTERMEDIATE -> INTERMEDIATE -> INTERMEDIATE -> INTERMEDIATE -> MEDIUM -> INTERMEDIATE,INTERMEDIATE,INTERMEDIATE
2025,1,Australian Grand Prix,BOR,Kick Sauber,5,2,INTERMEDIATE -> INTERMEDIATE -> INTERMEDIATE -> INTERMEDIATE -> MEDIUM -> INTERMEDIATE,INTERMEDIATE,INTERMEDIATE
2025,1,Australian Grand Prix,HUL,Kick Sauber,5,2,INTERMEDIATE -> INTERMEDIATE -> INTERMEDIATE -> INTERMEDIATE -> MEDIUM -> INTERMEDIATE,INTERMEDIATE,INTERMEDIATE
2025,1,Australian Grand Prix,NOR,McLaren,5,2,INTERMEDIATE -> INTERMEDIATE -> INTERMEDIATE -> INTERMEDIATE -> HARD -> INTERMEDIATE,INTERMEDIATE,INTERMEDIATE
2025,1,Australian Grand Prix,PIA,McLaren,5,2,INTERMEDIATE -> INTERMEDIATE -> INTERMEDIATE -> INTERMEDIATE -> HARD -> INTERMEDIATE,INTERMEDIATE,INTERMEDIATE
2025,1,Australian Grand Prix,ANT,Mercedes,5,2,INTERMEDIATE -> INTERMEDIATE -> INTERMEDIATE -> INTERMEDIATE -> HARD -> INTERMEDIATE,INTERMEDIATE,INTERMEDIATE
2025,1,Australian Grand Prix,RUS,Mercedes,5,2,INTERMEDIATE -> INTERMEDIATE -> INTERMEDIATE -> INTERMEDIATE -> HARD -> INTERMEDIATE,INTERMEDIATE,INTERMEDIATE
2025,1,Australian Grand Prix,HAD,Racing Bulls,0,,INTERMEDIATE,INTERMEDIATE,INTERMEDIATE
2025,1,Australian Grand Prix,TSU,Racing Bulls,5,2,INTERMEDIATE -> INTERMEDIATE -> INTERMEDIATE -> INTERMEDIATE -> MEDIUM -> INTERMEDIATE,INTERMEDIATE,INTERMEDIATE
2025,1,Australian Grand Prix,LAW,Red Bull Racing,4,2,INTERMEDIATE -> INTERMEDIATE -> INTERMEDIATE -> INTERMEDIATE -> MEDIUM,INTERMEDIATE,MEDIUM
2025,1,Australian Grand Prix,VER,Red Bull Racing,5,2,INTERMEDIATE -> INTERMEDIATE -> INTERMEDIATE -> INTERMEDIATE -> MEDIUM -> INTERMEDIATE,INTERMEDIATE,INTERMEDIATE
2025,1,Australian Grand Prix,ALB,Williams,5,2,INTERMEDIATE -> INTERMEDIATE -> INTERMEDIATE -> INTERMEDIATE -> MEDIUM -> INTERMEDIATE,INTERMEDIATE,INTERMEDIATE
2025,1,Australian Grand Prix,SAI,Williams,0,,INTERMEDIATE,INTERMEDIATE,INTERMEDIATE
2025,2,Chinese Grand Prix,DOO,Alpine,1,11,MEDIUM -> HARD,MEDIUM,HARD
2025,2,Chinese Grand Prix,GAS,Alpine,1,10,MEDIUM -> HARD,MEDIUM,HARD
2025,2,Chinese Grand Prix,ALO,Aston Martin,0,,MEDIUM,MEDIUM,MEDIUM
2025,2,Chinese Grand Prix,STR,Aston Martin,1,36,HARD -> MEDIUM,HARD,MEDIUM
2025,2,Chinese Grand Prix,HAM,Ferrari,2,13,MEDIUM -> HARD -> HARD,MEDIUM,HARD
2025,2,Chinese Grand Prix,LEC,Ferrari,1,15,MEDIUM -> HARD,MEDIUM,HARD
2025,2,Chinese Grand Prix,BEA,Haas F1 Team,1,26,HARD -> MEDIUM,HARD,MEDIUM
2025,2,Chinese Grand Prix,OCO,Haas F1 Team,1,11,MEDIUM -> HARD,MEDIUM,HARD
2025,2,Chinese Grand Prix,BOR,Kick Sauber,2,1,MEDIUM -> HARD -> HARD,MEDIUM,HARD
2025,2,Chinese Grand Prix,HUL,Kick Sauber,1,20,MEDIUM -> HARD,MEDIUM,HARD
2025,2,Chinese Grand Prix,NOR,McLaren,1,15,MEDIUM -> HARD,MEDIUM,HARD
2025,2,Chinese Grand Prix,PIA,McLaren,1,14,MEDIUM -> HARD,MEDIUM,HARD
2025,2,Chinese Grand Prix,ANT,Mercedes,1,12,MEDIUM -> HARD,MEDIUM,HARD
2025,2,Chinese Grand Prix,RUS,Mercedes,1,14,MEDIUM -> HARD,MEDIUM,HARD
2025,2,Chinese Grand Prix,HAD,Racing Bulls,2,12,MEDIUM -> HARD -> HARD,MEDIUM,HARD
2025,2,Chinese Grand Prix,TSU,Racing Bulls,3,11,MEDIUM -> HARD -> HARD -> MEDIUM,MEDIUM,MEDIUM
2025,2,Chinese Grand Prix,LAW,Red Bull Racing,2,18,HARD -> MEDIUM -> HARD,HARD,HARD
2025,2,Chinese Grand Prix,VER,Red Bull Racing,1,13,MEDIUM -> HARD,MEDIUM,HARD
2025,2,Chinese Grand Prix,ALB,Williams,1,20,MEDIUM -> HARD,MEDIUM,HARD
2025,2,Chinese Grand Prix,SAI,Williams,1,17,MEDIUM -> HARD,MEDIUM,HARD
2025,3,Japanese Grand Prix,DOO,Alpine,1,15,SOFT -> HARD,SOFT,HARD
2025,3,Japanese Grand Prix,GAS,Alpine,1,24,MEDIUM -> HARD,MEDIUM,HARD
2025,3,Japanese Grand Prix,ALO,Aston Martin,1,24,MEDIUM -> HARD,MEDIUM,HARD
2025,3,Japanese Grand Prix,STR,Aston Martin,2,9,SOFT -> HARD -> MEDIUM,SOFT,MEDIUM
2025,3,Japanese Grand Prix,HAM,Ferrari,1,30,HARD -> MEDIUM,HARD,MEDIUM
2025,3,Japanese Grand Prix,LEC,Ferrari,1,21,MEDIUM -> HARD,MEDIUM,HARD
2025,3,Japanese Grand Prix,BEA,Haas F1 Team,1,23,MEDIUM -> HARD,MEDIUM,HARD
2025,3,Japanese Grand Prix,OCO,Haas F1 Team,1,32,HARD -> MEDIUM,HARD,MEDIUM
2025,3,Japanese Grand Prix,BOR,Kick Sauber,1,31,HARD -> MEDIUM,HARD,MEDIUM
2025,3,Japanese Grand Prix,HUL,Kick Sauber,1,22,MEDIUM -> HARD,MEDIUM,HARD
2025,3,Japanese Grand Prix,NOR,McLaren,1,21,MEDIUM -> HARD,MEDIUM,HARD
2025,3,Japanese Grand Prix,PIA,McLaren,1,20,MEDIUM -> HARD,MEDIUM,HARD
2025,3,Japanese Grand Prix,ANT,Mercedes,1,31,MEDIUM -> HARD,MEDIUM,HARD
2025,3,Japanese Grand Prix,RUS,Mercedes,1,19,MEDIUM -> HARD,MEDIUM,HARD
2025,3,Japanese Grand Prix,HAD,Racing Bulls,1,25,MEDIUM -> HARD,MEDIUM,HARD
2025,3,Japanese Grand Prix,LAW,Racing Bulls,1,33,MEDIUM -> SOFT,MEDIUM,SOFT
2025,3,Japanese Grand Prix,TSU,Red Bull Racing,1,23,MEDIUM -> HARD,MEDIUM,HARD
2025,3,Japanese Grand Prix,VER,Red Bull Racing,1,21,MEDIUM -> HARD,MEDIUM,HARD
2025,3,Japanese Grand Prix,ALB,Williams,1,24,MEDIUM -> HARD,MEDIUM,HARD
2025,3,Japanese Grand Prix,SAI,Williams,1,33,MEDIUM -> SOFT,MEDIUM,SOFT
2025,4,Bahrain Grand Prix,DOO,Alpine,2,9,SOFT -> MEDIUM -> HARD,SOFT,HARD
2025,4,Bahrain Grand Prix,GAS,Alpine,2,10,SOFT -> MEDIUM -> HARD,SOFT,HARD
2025,4,Bahrain Grand Prix,ALO,Aston Martin,2,16,MEDIUM -> MEDIUM -> HARD,MEDIUM,HARD
2025,4,Bahrain Grand Prix,STR,Aston Martin,2,12,SOFT -> MEDIUM -> HARD,SOFT,HARD
2025,4,Bahrain Grand Prix,HAM,Ferrari,2,17,MEDIUM -> MEDIUM -> HARD,MEDIUM,HARD
2025,4,Bahrain Grand Prix,LEC,Ferrari,2,17,MEDIUM -> MEDIUM -> HARD,MEDIUM,HARD
2025,4,Bahrain Grand Prix,BEA,Haas F1 Team,2,14,SOFT -> HARD -> SOFT,SOFT,SOFT
2025,4,Bahrain Grand Prix,OCO,Haas F1 Team,2,8,SOFT -> MEDIUM -> HARD,SOFT,HARD
2025,4,Bahrain Grand Prix,BOR,Kick Sauber,2,13,MEDIUM -> HARD -> MEDIUM,MEDIUM,MEDIUM
2025,4,Bahrain Grand Prix,HUL,Kick Sauber,2,5,SOFT -> MEDIUM -> MEDIUM,SOFT,MEDIUM
2025,4,Bahrain Grand Prix,NOR,McLaren,2,10,SOFT -> MEDIUM -> MEDIUM,SOFT,MEDIUM
2025,4,Bahrain Grand Prix,PIA,McLaren,2,14,SOFT -> MEDIUM -> MEDIUM,SOFT,MEDIUM
2025,4,Bahrain Grand Prix,ANT,Mercedes,3,12,SOFT -> MEDIUM -> SOFT -> SOFT,SOFT,SOFT
2025,4,Bahrain Grand Prix,RUS,Mercedes,2,13,SOFT -> MEDIUM -> SOFT,SOFT,SOFT
2025,4,Bahrain Grand Prix,HAD,Racing Bulls,2,6,SOFT -> MEDIUM -> HARD,SOFT,HARD
2025,4,Bahrain Grand Prix,LAW,Racing Bulls,2,14,MEDIUM -> HARD -> SOFT,MEDIUM,SOFT
2025,4,Bahrain Grand Prix,TSU,Red Bull Racing,2,11,SOFT -> MEDIUM -> SOFT,SOFT,SOFT
2025,4,Bahrain Grand Prix,VER,Red Bull Racing,2,10,SOFT -> HARD -> MEDIUM,SOFT,MEDIUM
2025,4,Bahrain Grand Prix,ALB,Williams,2,16,SOFT -> HARD -> MEDIUM,SOFT,MEDIUM
2025,4,Bahrain Grand Prix,SAI,Williams,3,14,SOFT -> MEDIUM -> HARD -> SOFT,SOFT,SOFT
2025,5,Saudi Arabian Grand Prix,DOO,Alpine,2,1,MEDIUM -> HARD -> HARD,MEDIUM,HARD
2025,5,Saudi Arabian Grand Prix,GAS,Alpine,0,,MEDIUM,MEDIUM,MEDIUM
2025,5,Saudi Arabian Grand Prix,ALO,Aston Martin,1,19,MEDIUM -> HARD,MEDIUM,HARD
2025,5,Saudi Arabian Grand Prix,STR,Aston Martin,1,39,HARD -> MEDIUM,HARD,MEDIUM
2025,5,Saudi Arabian Grand Prix,HAM,Ferrari,1,23,MEDIUM -> HARD,MEDIUM,HARD
2025,5,Saudi Arabian Grand Prix,LEC,Ferrari,1,29,MEDIUM -> HARD,MEDIUM,HARD
2025,5,Saudi Arabian Grand Prix,BEA,Haas F1 Team,1,18,MEDIUM -> HARD,MEDIUM,HARD
2025,5,Saudi Arabian Grand Prix,OCO,Haas F1 Team,1,1,MEDIUM -> HARD,MEDIUM,HARD
2025,5,Saudi Arabian Grand Prix,BOR,Kick Sauber,1,1,MEDIUM -> HARD,MEDIUM,HARD
2025,5,Saudi Arabian Grand Prix,HUL,Kick Sauber,1,33,HARD -> MEDIUM,HARD,MEDIUM
2025,5,Saudi Arabian Grand Prix,NOR,McLaren,1,34,HARD -> MEDIUM,HARD,MEDIUM
2025,5,Saudi Arabian Grand Prix,PIA,McLaren,1,19,MEDIUM -> HARD,MEDIUM,HARD
2025,5,Saudi Arabian Grand Prix,ANT,Mercedes,1,19,MEDIUM -> HARD,MEDIUM,HARD
2025,5,Saudi Arabian Grand Prix,RUS,Mercedes,1,20,MEDIUM -> HARD,MEDIUM,HARD
2025,5,Saudi Arabian Grand Prix,HAD,Racing Bulls,1,34,HARD -> MEDIUM,HARD,MEDIUM
2025,5,Saudi Arabian Grand Prix,LAW,Racing Bulls,1,20,MEDIUM -> HARD,MEDIUM,HARD
2025,5,Saudi Arabian Grand Prix,TSU,Red Bull Racing,0,,MEDIUM,MEDIUM,MEDIUM
2025,5,Saudi Arabian Grand Prix,VER,Red Bull Racing,1,21,MEDIUM -> HARD,MEDIUM,HARD
2025,5,Saudi Arabian Grand Prix,ALB,Williams,1,22,MEDIUM -> HARD,MEDIUM,HARD
2025,5,Saudi Arabian Grand Prix,SAI,Williams,1,21,MEDIUM -> HARD,MEDIUM,HARD
2025,6,Miami Grand Prix,DOO,Alpine,0,,MEDIUM,MEDIUM,MEDIUM
2025,6,Miami Grand Prix,GAS,Alpine,1,32,HARD -> MEDIUM,HARD,MEDIUM
2025,6,Miami Grand Prix,ALO,Aston Martin,1,32,HARD -> MEDIUM,HARD,MEDIUM
2025,6,Miami Grand Prix,STR,Aston Martin,0,,HARD,HARD,HARD
2025,6,Miami Grand Prix,HAM,Ferrari,1,32,HARD -> MEDIUM,HARD,MEDIUM
2025,6,Miami Grand Prix,LEC,Ferrari,1,32,MEDIUM -> HARD,MEDIUM,HARD
2025,6,Miami Grand Prix,BEA,Haas F1 Team,0,,HARD,HARD,HARD
2025,6,Miami Grand Prix,OCO,Haas F1 Team,0,,HARD,HARD,HARD
2025,6,Miami Grand Prix,BOR,Kick Sauber,0,,HARD,HARD,HARD
2025,6,Miami Grand Prix,HUL,Kick Sauber,1,36,HARD -> MEDIUM,HARD,MEDIUM
2025,6,Miami Grand Prix,NOR,McLaren,1,32,MEDIUM -> HARD,MEDIUM,HARD
2025,6,Miami Grand Prix,PIA,McLaren,1,32,MEDIUM -> HARD,MEDIUM,HARD
2025,6,Miami Grand Prix,ANT,Mercedes,1,32,MEDIUM -> HARD,MEDIUM,HARD
2025,6,Miami Grand Prix,RUS,Mercedes,1,32,HARD -> MEDIUM,HARD,MEDIUM
2025,6,Miami Grand Prix,HAD,Racing Bulls,0,,HARD,HARD,HARD
2025,6,Miami Grand Prix,LAW,Racing Bulls,1,31,HARD -> MEDIUM,HARD,MEDIUM
2025,6,Miami Grand Prix,TSU,Red Bull Racing,1,32,MEDIUM -> HARD,MEDIUM,HARD
2025,6,Miami Grand Prix,VER,Red Bull Racing,1,32,MEDIUM -> HARD,MEDIUM,HARD
2025,6,Miami Grand Prix,ALB,Williams,1,32,MEDIUM -> HARD,MEDIUM,HARD
2025,6,Miami Grand Prix,SAI,Williams,1,32,MEDIUM -> HARD,MEDIUM,HARD
2025,7,Emilia Romagna Grand Prix,COL,Alpine,2,22,MEDIUM -> HARD -> HARD,MEDIUM,HARD
2025,7,Emilia Romagna Grand Prix,GAS,Alpine,2,9,MEDIUM -> HARD -> HARD,MEDIUM,HARD
2025,7,Emilia Romagna Grand Prix,ALO,Aston Martin,2,12,MEDIUM -> HARD -> MEDIUM,MEDIUM,MEDIUM
2025,7,Emilia Romagna Grand Prix,STR,Aston Martin,2,14,MEDIUM -> HARD -> MEDIUM,MEDIUM,MEDIUM
2025,7,Emilia Romagna Grand Prix,HAM,Ferrari,2,29,HARD -> MEDIUM -> HARD,HARD,HARD
2025,7,Emilia Romagna Grand Prix,LEC,Ferrari,2,10,MEDIUM -> HARD -> HARD,MEDIUM,HARD
2025,7,Emilia Romagna Grand Prix,BEA,Haas F1 Team,2,29,HARD -> MEDIUM -> HARD,HARD,HARD
2025,7,Emilia Romagna Grand Prix,OCO,Haas F1 Team,1,1,MEDIUM -> HARD,MEDIUM,HARD
2025,7,Emilia Romagna Grand Prix,BOR,Kick Sauber,3,12,MEDIUM -> HARD -> HARD -> MEDIUM,MEDIUM,MEDIUM
2025,7,Emilia Romagna Grand Prix,HUL,Kick Sauber,1,29,HARD -> MEDIUM,HARD,MEDIUM
2025,7,Emilia Romagna Grand Prix,NOR,McLaren,2,28,MEDIUM -> HARD -> HARD,MEDIUM,HARD
2025,7,Emilia Romagna Grand Prix,PIA,McLaren,2,13,MEDIUM -> HARD -> HARD,MEDIUM,HARD
2025,7,Emilia Romagna Grand Prix,ANT,Mercedes,1,29,HARD -> MEDIUM,HARD,MEDIUM
2025,7,Emilia Romagna Grand Prix,RUS,Mercedes,2,11,MEDIUM -> HARD -> HARD,MEDIUM,HARD
2025,7,Emilia Romagna Grand Prix,HAD,Racing Bulls,2,29,MEDIUM -> HARD -> HARD,MEDIUM,HARD
2025,7,Emilia Romagna Grand Prix,LAW,Racing Bulls,2,10,MEDIUM -> HARD -> HARD,MEDIUM,HARD
2025,7,Emilia Romagna Grand Prix,TSU,Red Bull Racing,1,29,HARD -> MEDIUM,HARD,MEDIUM
2025,7,Emilia Romagna Grand Prix,VER,Red Bull Racing,2,29,MEDIUM -> HARD -> HARD,MEDIUM,HARD
2025,7,Emilia Romagna Grand Prix,ALB,Williams,2,29,MEDIUM -> HARD -> HARD,MEDIUM,HARD
2025,7,Emilia Romagna Grand Prix,SAI,Williams,2,11,MEDIUM -> HARD -> HARD,MEDIUM,HARD
2025,8,Monaco Grand Prix,COL,Alpine,2,13,HARD -> MEDIUM -> MEDIUM,HARD,MEDIUM
2025,8,Monaco Grand Prix,GAS,Alpine,1,1,MEDIUM -> MEDIUM,MEDIUM,MEDIUM
2025,8,Monaco Grand Prix,ALO,Aston Martin,1,16,HARD -> HARD,HARD,HARD
2025,8,Monaco Grand Prix,STR,Aston Martin,2,17,HARD -> HARD -> MEDIUM,HARD,MEDIUM
2025,8,Monaco Grand Prix,HAM,Ferrari,2,18,HARD -> HARD -> MEDIUM,HARD,MEDIUM
2025,8,Monaco Grand Prix,LEC,Ferrari,2,22,MEDIUM -> HARD -> MEDIUM,MEDIUM,MEDIUM
2025,8,Monaco Grand Prix,BEA,Haas F1 Team,2,1,MEDIUM -> HARD -> MEDIUM,MEDIUM,MEDIUM
2025,8,Monaco Grand Prix,OCO,Haas F1 Team,2,16,MEDIUM -> MEDIUM -> HARD,MEDIUM,HARD
2025,8,Monaco Grand Prix,BOR,Kick Sauber,3,1,MEDIUM -> HARD -> SOFT -> MEDIUM,MEDIUM,MEDIUM
2025,8,Monaco Grand Prix,HUL,Kick Sauber,2,12,MEDIUM -> HARD -> SOFT,MEDIUM,SOFT
2025,8,Monaco Grand Prix,NOR,McLaren,2,19,MEDIUM -> HARD -> HARD,MEDIUM,HARD
2025,8,Monaco Grand Prix,PIA,McLaren,2,20,MEDIUM -> HARD -> HARD,MEDIUM,HARD
2025,8,Monaco Grand Prix,ANT,Mercedes,2,69,HARD -> MEDIUM -> HARD,HARD,HARD
2025,8,Monaco Grand Prix,RUS,Mercedes,2,53,HARD -> MEDIUM -> HARD,HARD,HARD
2025,8,Monaco Grand Prix,HAD,Racing Bulls,2,14,MEDIUM -> SOFT -> HARD,MEDIUM,HARD
2025,8,Monaco Grand Prix,LAW,Racing Bulls,2,31,MEDIUM -> SOFT -> HARD,MEDIUM,HARD
2025,8,Monaco Grand Prix,TSU,Red Bull Racing,2,1,SOFT -> HARD -> MEDIUM,SOFT,MEDIUM
2025,8,Monaco Grand Prix,VER,Red Bull Racing,2,28,HARD -> MEDIUM -> SOFT,HARD,SOFT
2025,8,Monaco Grand Prix,ALB,Williams,2,32,MEDIUM -> MEDIUM -> HARD,MEDIUM,HARD
2025,8,Monaco Grand Prix,SAI,Williams,2,48,HARD -> MEDIUM -> MEDIUM,HARD,MEDIUM
2025,9,Spanish Grand Prix,COL,Alpine,3,14,SOFT -> MEDIUM -> SOFT -> SOFT,SOFT,SOFT
2025,9,Spanish Grand Prix,GAS,Alpine,3,10,SOFT -> SOFT -> MEDIUM -> SOFT,SOFT,SOFT
2025,9,Spanish Grand Prix,ALO,Aston Martin,3,15,SOFT -> MEDIUM -> SOFT -> SOFT,SOFT,SOFT
2025,9,Spanish Grand Prix,HAM,Ferrari,3,16,SOFT -> MEDIUM -> SOFT -> SOFT,SOFT,SOFT
2025,9,Spanish Grand Prix,LEC,Ferrari,3,17,SOFT -> MEDIUM -> MEDIUM -> SOFT,SOFT,SOFT
2025,9,Spanish Grand Prix,BEA,Haas F1 Team,3,8,SOFT -> MEDIUM -> MEDIUM -> SOFT,SOFT,SOFT
2025,9,Spanish Grand Prix,OCO,Haas F1 Team,2,20,SOFT -> MEDIUM -> MEDIUM,SOFT,MEDIUM
2025,9,Spanish Grand Prix,BOR,Kick Sauber,2,19,SOFT -> MEDIUM -> SOFT,SOFT,SOFT
2025,9,Spanish Grand Prix,HUL,Kick Sauber,3,9,SOFT -> MEDIUM -> SOFT -> SOFT,SOFT,SOFT
2025,9,Spanish Grand Prix,NOR,McLaren,3,21,SOFT -> MEDIUM -> SOFT -> SOFT,SOFT,SOFT
2025,9,Spanish Grand Prix,PIA,McLaren,3,22,SOFT -> MEDIUM -> SOFT -> SOFT,SOFT,SOFT
2025,9,Spanish Grand Prix,ANT,Mercedes,2,21,SOFT -> MEDIUM -> SOFT,SOFT,SOFT
2025,9,Spanish Grand Prix,RUS,Mercedes,3,20,SOFT -> MEDIUM -> SOFT -> SOFT,SOFT,SOFT
2025,9,Spanish Grand Prix,HAD,Racing Bulls,3,19,SOFT -> MEDIUM -> SOFT -> SOFT,SOFT,SOFT
2025,9,Spanish Grand Prix,LAW,Racing Bulls,2,18,SOFT -> MEDIUM -> SOFT,SOFT,SOFT
2025,9,Spanish Grand Prix,TSU,Red Bull Racing,4,8,MEDIUM -> SOFT -> SOFT -> SOFT -> SOFT,MEDIUM,SOFT
2025,9,Spanish Grand Prix,VER,Red Bull Racing,4,13,SOFT -> SOFT -> MEDIUM -> SOFT -> HARD,SOFT,HARD
2025,9,Spanish Grand Prix,ALB,Williams,2,6,SOFT -> SOFT -> SOFT,SOFT,SOFT
2025,9,Spanish Grand Prix,SAI,Williams,3,9,SOFT -> SOFT -> MEDIUM -> SOFT,SOFT,SOFT
2025,10,Canadian Grand Prix,COL,Alpine,4,14,MEDIUM -> HARD -> HARD -> HARD -> HARD,MEDIUM,HARD
2025,10,Canadian Grand Prix,GAS,Alpine,4,53,HARD -> MEDIUM -> MEDIUM -> MEDIUM -> MEDIUM,HARD,MEDIUM
2025,10,Canadian Grand Prix,ALO,Aston Martin,6,15,MEDIUM -> HARD -> HARD -> HARD -> HARD -> HARD -> HARD,MEDIUM,HARD
2025,10,Canadian Grand Prix,STR,Aston Martin,5,24,HARD -> HARD -> MEDIUM -> SOFT -> SOFT -> SOFT,HARD,SOFT
2025,10,Canadian Grand Prix,HAM,Ferrari,5,15,MEDIUM -> HARD -> HARD -> HARD -> HARD -> HARD,MEDIUM,HARD
2025,10,Canadian Grand Prix,LEC,Ferrari,5,28,HARD -> HARD -> MEDIUM -> MEDIUM -> MEDIUM -> MEDIUM,HARD,MEDIUM
2025,10,Canadian Grand Prix,BEA,Haas F1 Team,4,18,MEDIUM -> HARD -> SOFT -> SOFT -> SOFT,MEDIUM,SOFT
2025,10,Canadian Grand Prix,OCO,Haas F1 Team,4,57,HARD -> MEDIUM -> MEDIUM -> MEDIUM -> MEDIUM,HARD,MEDIUM
2025,10,Canadian Grand Prix,BOR,Kick Sauber,4,49,HARD -> MEDIUM -> MEDIUM -> MEDIUM -> MEDIUM,HARD,MEDIUM
2025,10,Canadian Grand Prix,HUL,Kick Sauber,5,19,MEDIUM -> HARD -> HARD -> HARD -> HARD -> HARD,MEDIUM,HARD
2025,10,Canadian Grand Prix,NOR,McLaren,2,29,HARD -> MEDIUM -> HARD,HARD,HARD
2025,10,Canadian Grand Prix,PIA,McLaren,5,16,MEDIUM -> HARD -> HARD -> SOFT -> SOFT -> SOFT,MEDIUM,SOFT
2025,10,Canadian Grand Prix,ANT,Mercedes,5,14,MEDIUM -> HARD -> HARD -> HARD -> HARD -> HARD,MEDIUM,HARD
2025,10,Canadian Grand Prix,RUS,Mercedes,5,13,MEDIUM -> HARD -> HARD -> HARD -> HARD -> HARD,MEDIUM,HARD
2025,10,Canadian Grand Prix,HAD,Racing Bulls,4,13,MEDIUM -> HARD -> SOFT -> SOFT -> SOFT,MEDIUM,SOFT
2025,10,Canadian Grand Prix,LAW,Racing Bulls,1,38,HARD -> MEDIUM,HARD,MEDIUM
2025,10,Canadian Grand Prix,TSU,Red Bull Racing,4,56,HARD -> MEDIUM -> MEDIUM -> MEDIUM -> MEDIUM,HARD,MEDIUM
2025,10,Canadian Grand Prix,VER,Red Bull Racing,5,12,MEDIUM -> HARD -> HARD -> HARD -> HARD -> HARD,MEDIUM,HARD
2025,10,Canadian Grand Prix,ALB,Williams,1,23,MEDIUM -> HARD,MEDIUM,HARD
2025,10,Canadian Grand Prix,SAI,Williams,4,57,HARD -> MEDIUM -> MEDIUM -> MEDIUM -> MEDIUM,HARD,MEDIUM
2025,11,Austrian Grand Prix,COL,Alpine,2,13,SOFT -> MEDIUM -> HARD,SOFT,HARD
2025,11,Austrian Grand Prix,GAS,Alpine,2,12,SOFT -> HARD -> MEDIUM,SOFT,MEDIUM
2025,11,Austrian Grand Prix,ALO,Aston Martin,1,33,MEDIUM -> HARD,MEDIUM,HARD
2025,11,Austrian Grand Prix,STR,Aston Martin,2,26,MEDIUM -> HARD -> SOFT,MEDIUM,SOFT
2025,11,Austrian Grand Prix,HAM,Ferrari,2,26,MEDIUM -> HARD -> MEDIUM,MEDIUM,MEDIUM
2025,11,Austrian Grand Prix,LEC,Ferrari,2,25,MEDIUM -> HARD -> MEDIUM,MEDIUM,MEDIUM
2025,11,Austrian Grand Prix,BEA,Haas F1 Team,2,11,SOFT -> HARD -> MEDIUM,SOFT,MEDIUM
2025,11,Austrian Grand Prix,OCO,Haas F1 Team,2,19,MEDIUM -> HARD -> HARD,MEDIUM,HARD
2025,11,Austrian Grand Prix,BOR,Kick Sauber,2,21,MEDIUM -> MEDIUM -> HARD,MEDIUM,HARD
2025,11,Austrian Grand Prix,HUL,Kick Sauber,2,12,SOFT -> MEDIUM -> MEDIUM,SOFT,MEDIUM
2025,11,Austrian Grand Prix,NOR,McLaren,2,20,MEDIUM -> HARD -> MEDIUM,MEDIUM,MEDIUM
2025,11,Austrian Grand Prix,PIA,McLaren,2,24,MEDIUM -> HARD -> MEDIUM,MEDIUM,MEDIUM
2025,11,Austrian Grand Prix,ANT,Mercedes,0,,MEDIUM,MEDIUM,MEDIUM
2025,11,Austrian Grand Prix,RUS,Mercedes,2,18,MEDIUM -> MEDIUM -> HARD,MEDIUM,HARD
2025,11,Austrian Grand Prix,HAD,Racing Bulls,2,2,SOFT -> MEDIUM -> HARD,SOFT,HARD
2025,11,Austrian Grand Prix,LAW,Racing Bulls,1,32,MEDIUM -> HARD,MEDIUM,HARD
2025,11,Austrian Grand Prix,TSU,Red Bull Racing,3,18,MEDIUM -> HARD -> MEDIUM -> SOFT,MEDIUM,SOFT
2025,11,Austrian Grand Prix,VER,Red Bull Racing,0,,MEDIUM,MEDIUM,MEDIUM
2025,11,Austrian Grand Prix,ALB,Williams,1,13,MEDIUM -> MEDIUM,MEDIUM,MEDIUM
2025,11,Austrian Grand Prix,SAI,Williams,0,,MEDIUM,MEDIUM,MEDIUM
2025,12,British Grand Prix,COL,Alpine,0,,HARD,HARD,HARD
2025,12,British Grand Prix,GAS,Alpine,2,11,INTERMEDIATE -> INTERMEDIATE -> MEDIUM,INTERMEDIATE,MEDIUM
2025,12,British Grand Prix,ALO,Aston Martin,2,11,INTERMEDIATE -> INTERMEDIATE -> MEDIUM,INTERMEDIATE,MEDIUM
2025,12,British Grand Prix,STR,Aston Martin,3,6,INTERMEDIATE -> SOFT -> INTERMEDIATE -> SOFT,INTERMEDIATE,SOFT
2025,12,British Grand Prix,HAM,Ferrari,2,11,INTERMEDIATE -> INTERMEDIATE -> SOFT,INTERMEDIATE,SOFT
2025,12,British Grand Prix,LEC,Ferrari,2,10,MEDIUM -> INTERMEDIATE -> SOFT,MEDIUM,SOFT
2025,12,British Grand Prix,BEA,Haas F1 Team,2,10,HARD -> INTERMEDIATE -> MEDIUM,HARD,MEDIUM
2025,12,British Grand Prix,OCO,Haas F1 Team,2,18,INTERMEDIATE -> INTERMEDIATE -> MEDIUM,INTERMEDIATE,MEDIUM
2025,12,British Grand Prix,BOR,Kick Sauber,0,,MEDIUM,MEDIUM,MEDIUM
2025,12,British Grand Prix,HUL,Kick Sauber,2,9,INTERMEDIATE -> INTERMEDIATE -> MEDIUM,INTERMEDIATE,MEDIUM
2025,12,British Grand Prix,NOR,McLaren,2,11,INTERMEDIATE -> INTERMEDIATE -> MEDIUM,INTERMEDIATE,MEDIUM
2025,12,British Grand Prix,PIA,McLaren,2,11,INTERMEDIATE -> INTERMEDIATE -> MEDIUM,INTERMEDIATE,MEDIUM
2025,12,British Grand Prix,ANT,Mercedes,3,2,INTERMEDIATE -> HARD -> INTERMEDIATE -> INTERMEDIATE,INTERMEDIATE,INTERMEDIATE
2025,12,British Grand Prix,RUS,Mercedes,2,10,HARD -> INTERMEDIATE -> HARD,HARD,HARD
2025,12,British Grand Prix,HAD,Racing Bulls,1,10,MEDIUM -> INTERMEDIATE,MEDIUM,INTERMEDIATE
2025,12,British Grand Prix,LAW,Racing Bulls,0,,INTERMEDIATE,INTERMEDIATE,INTERMEDIATE
2025,12,British Grand Prix,TSU,Red Bull Racing,2,11,INTERMEDIATE -> INTERMEDIATE -> MEDIUM,INTERMEDIATE,MEDIUM
2025,12,British Grand Prix,VER,Red Bull Racing,2,11,INTERMEDIATE -> INTERMEDIATE -> MEDIUM,INTERMEDIATE,MEDIUM
2025,12,British Grand Prix,ALB,Williams,2,12,INTERMEDIATE -> INTERMEDIATE -> MEDIUM,INTERMEDIATE,MEDIUM
2025,12,British Grand Prix,SAI,Williams,2,11,INTERMEDIATE -> INTERMEDIATE -> MEDIUM,INTERMEDIATE,MEDIUM
2025,13,Belgian Grand Prix,COL,Alpine,2,12,INTERMEDIATE -> MEDIUM -> NONE,INTERMEDIATE,NONE
2025,13,Belgian Grand Prix,GAS,Alpine,1,11,INTERMEDIATE -> MEDIUM,INTERMEDIATE,MEDIUM
2025,13,Belgian Grand Prix,ALO,Aston Martin,2,11,INTERMEDIATE -> MEDIUM -> NONE,INTERMEDIATE,NONE
2025,13,Belgian Grand Prix,STR,Aston Martin,1,12,INTERMEDIATE -> MEDIUM,INTERMEDIATE,MEDIUM
2025,13,Belgian Grand Prix,HAM,Ferrari,1,11,INTERMEDIATE -> MEDIUM,INTERMEDIATE,MEDIUM
2025,13,Belgian Grand Prix,LEC,Ferrari,1,12,INTERMEDIATE -> MEDIUM,INTERMEDIATE,MEDIUM
2025,13,Belgian Grand Prix,BEA,Haas F1 Team,1,11,INTERMEDIATE -> MEDIUM,INTERMEDIATE,MEDIUM
2025,13,Belgian Grand Prix,OCO,Haas F1 Team,1,13,INTERMEDIATE -> MEDIUM,INTERMEDIATE,MEDIUM
2025,13,Belgian Grand Prix,BOR,Kick Sauber,1,12,INTERMEDIATE -> MEDIUM,INTERMEDIATE,MEDIUM
2025,13,Belgian Grand Prix,HUL,Kick Sauber,2,11,INTERMEDIATE -> MEDIUM -> NONE,INTERMEDIATE,NONE
2025,13,Belgian Grand Prix,NOR,McLaren,1,13,INTERMEDIATE -> HARD,INTERMEDIATE,HARD
2025,13,Belgian Grand Prix,PIA,McLaren,1,12,INTERMEDIATE -> MEDIUM,INTERMEDIATE,MEDIUM
2025,13,Belgian Grand Prix,ANT,Mercedes,2,12,INTERMEDIATE -> MEDIUM -> NONE,INTERMEDIATE,NONE
2025,13,Belgian Grand Prix,RUS,Mercedes,1,12,INTERMEDIATE -> MEDIUM,INTERMEDIATE,MEDIUM
2025,13,Belgian Grand Prix,HAD,Racing Bulls,2,13,INTERMEDIATE -> MEDIUM -> HARD,INTERMEDIATE,HARD
2025,13,Belgian Grand Prix,LAW,Racing Bulls,1,12,INTERMEDIATE -> MEDIUM,INTERMEDIATE,MEDIUM
2025,13,Belgian Grand Prix,TSU,Red Bull Racing,1,13,INTERMEDIATE -> MEDIUM,INTERMEDIATE,MEDIUM
2025,13,Belgian Grand Prix,VER,Red Bull Racing,1,12,INTERMEDIATE -> MEDIUM,INTERMEDIATE,MEDIUM
2025,13,Belgian Grand Prix,ALB,Williams,1,12,INTERMEDIATE -> MEDIUM,INTERMEDIATE,MEDIUM
2025,13,Belgian Grand Prix,SAI,Williams,2,12,INTERMEDIATE -> MEDIUM -> HARD,INTERMEDIATE,HARD
2025,14,Hungarian Grand Prix,COL,Alpine,2,13,MEDIUM -> HARD -> HARD,MEDIUM,HARD
2025,14,Hungarian Grand Prix,GAS,Alpine,1,32,HARD -> MEDIUM,HARD,MEDIUM
2025,14,Hungarian Grand Prix,ALO,Aston Martin,1,39,MEDIUM -> HARD,MEDIUM,HARD
2025,14,Hungarian Grand Prix,STR,Aston Martin,1,36,MEDIUM -> HARD,MEDIUM,HARD
2025,14,Hungarian Grand Prix,HAM,Ferrari,1,42,HARD -> MEDIUM,HARD,MEDIUM
2025,14,Hungarian Grand Prix,LEC,Ferrari,2,19,MEDIUM -> HARD -> HARD,MEDIUM,HARD
2025,14,Hungarian Grand Prix,BEA,Haas F1 Team,1,30,MEDIUM -> HARD,MEDIUM,HARD
2025,14,Hungarian Grand Prix,OCO,Haas F1 Team,1,14,MEDIUM -> HARD,MEDIUM,HARD
2025,14,Hungarian Grand Prix,BOR,Kick Sauber,1,40,MEDIUM -> HARD,MEDIUM,HARD
2025,14,Hungarian Grand Prix,HUL,Kick Sauber,2,5,SOFT -> MEDIUM -> MEDIUM,SOFT,MEDIUM
2025,14,Hungarian Grand Prix,NOR,McLaren,1,31,MEDIUM -> HARD,MEDIUM,HARD
2025,14,Hungarian Grand Prix,PIA,McLaren,2,18,MEDIUM -> HARD -> HARD,MEDIUM,HARD
2025,14,Hungarian Grand Prix,ANT,Mercedes,1,21,MEDIUM -> HARD,MEDIUM,HARD
2025,14,Hungarian Grand Prix,RUS,Mercedes,2,19,MEDIUM -> HARD -> HARD,MEDIUM,HARD
2025,14,Hungarian Grand Prix,HAD,Racing Bulls,1,33,MEDIUM -> HARD,MEDIUM,HARD
2025,14,Hungarian Grand Prix,LAW,Racing Bulls,1,40,MEDIUM -> HARD,MEDIUM,HARD
2025,14,Hungarian Grand Prix,TSU,Red Bull Racing,2,20,MEDIUM -> SOFT -> HARD,MEDIUM,HARD
2025,14,Hungarian Grand Prix,VER,Red Bull Racing,2,17,MEDIUM -> HARD -> HARD,MEDIUM,HARD
2025,14,Hungarian Grand Prix,ALB,Williams,2,14,SOFT -> MEDIUM -> HARD,SOFT,HARD
2025,14,Hungarian Grand Prix,SAI,Williams,2,15,SOFT -> HARD -> MEDIUM,SOFT,MEDIUM
2025,15,Dutch Grand Prix,COL,Alpine,3,19,SOFT -> HARD -> MEDIUM -> SOFT,SOFT,SOFT
2025,15,Dutch Grand Prix,GAS,Alpine,1,23,MEDIUM -> HARD,MEDIUM,HARD
2025,15,Dutch Grand Prix,ALO,Aston Martin,2,18,MEDIUM -> HARD -> HARD,MEDIUM,HARD
2025,15,Dutch Grand Prix,STR,Aston Martin,2,8,MEDIUM -> HARD -> HARD,MEDIUM,HARD
2025,15,Dutch Grand Prix,HAM,Ferrari,0,,MEDIUM,MEDIUM,MEDIUM
2025,15,Dutch Grand Prix,LEC,Ferrari,1,22,MEDIUM -> HARD,MEDIUM,HARD
2025,15,Dutch Grand Prix,BEA,Haas F1 Team,1,53,HARD -> MEDIUM,HARD,MEDIUM
2025,15,Dutch Grand Prix,OCO,Haas F1 Team,1,52,HARD -> MEDIUM,HARD,MEDIUM
2025,15,Dutch Grand Prix,BOR,Kick Sauber,2,22,MEDIUM -> HARD -> SOFT,MEDIUM,SOFT
2025,15,Dutch Grand Prix,HUL,Kick Sauber,2,19,SOFT -> HARD -> MEDIUM,SOFT,MEDIUM
2025,15,Dutch Grand Prix,NOR,McLaren,2,23,MEDIUM -> HARD -> HARD,MEDIUM,HARD
2025,15,Dutch Grand Prix,PIA,McLaren,2,23,MEDIUM -> HARD -> HARD,MEDIUM,HARD
2025,15,Dutch Grand Prix,ANT,Mercedes,3,23,MEDIUM -> HARD -> SOFT -> SOFT,MEDIUM,SOFT
2025,15,Dutch Grand Prix,RUS,Mercedes,2,23,MEDIUM -> HARD -> SOFT,MEDIUM,SOFT
2025,15,Dutch Grand Prix,HAD,Racing Bulls,2,23,MEDIUM -> HARD -> SOFT,MEDIUM,SOFT
2025,15,Dutch Grand Prix,LAW,Racing Bulls,3,23,MEDIUM -> HARD -> SOFT -> SOFT,MEDIUM,SOFT
2025,15,Dutch Grand Prix,TSU,Red Bull Racing,2,19,SOFT -> HARD -> SOFT,SOFT,SOFT
2025,15,Dutch Grand Prix,VER,Red Bull Racing,2,23,SOFT -> MEDIUM -> SOFT,SOFT,SOFT
2025,15,Dutch Grand Prix,ALB,Williams,2,23,MEDIUM -> HARD -> SOFT,MEDIUM,SOFT
2025,15,Dutch Grand Prix,SAI,Williams,4,23,MEDIUM -> HARD -> SOFT -> SOFT -> SOFT,MEDIUM,SOFT
2025,16,Italian Grand Prix,COL,Alpine,1,33,MEDIUM -> HARD,MEDIUM,HARD
2025,16,Italian Grand Prix,GAS,Alpine,1,49,HARD -> SOFT,HARD,SOFT
2025,16,Italian Grand Prix,ALO,Aston Martin,1,20,MEDIUM -> HARD,MEDIUM,HARD
2025,16,Italian Grand Prix,STR,Aston Martin,1,49,HARD -> SOFT,HARD,SOFT
2025,16,Italian Grand Prix,HAM,Ferrari,1,38,MEDIUM -> HARD,MEDIUM,HARD
2025,16,Italian Grand Prix,LEC,Ferrari,1,33,MEDIUM -> HARD,MEDIUM,HARD
2025,16,Italian Grand Prix,BEA,Haas F1 Team,1,18,MEDIUM -> HARD,MEDIUM,HARD
2025,16,Italian Grand Prix,OCO,Haas F1 Team,1,51,HARD -> SOFT,HARD,SOFT
2025,16,Italian Grand Prix,BOR,Kick Sauber,1,20,MEDIUM -> HARD,MEDIUM,HARD
2025,16,Italian Grand Prix,HUL,Kick Sauber,0,,MEDIUM,MEDIUM,MEDIUM
2025,16,Italian Grand Prix,NOR,McLaren,1,46,MEDIUM -> SOFT,MEDIUM,SOFT
2025,16,Italian Grand Prix,PIA,McLaren,1,45,MEDIUM -> SOFT,MEDIUM,SOFT
2025,16,Italian Grand Prix,ANT,Mercedes,1,28,MEDIUM -> HARD,MEDIUM,HARD
2025,16,Italian Grand Prix,RUS,Mercedes,1,27,MEDIUM -> HARD,MEDIUM,HARD
2025,16,Italian Grand Prix,HAD,Racing Bulls,1,32,HARD -> MEDIUM,HARD,MEDIUM
2025,16,Italian Grand Prix,LAW,Racing Bulls,1,9,SOFT -> HARD,SOFT,HARD
2025,16,Italian Grand Prix,TSU,Red Bull Racing,1,19,MEDIUM -> HARD,MEDIUM,HARD
2025,16,Italian Grand Prix,VER,Red Bull Racing,1,37,MEDIUM -> HARD,MEDIUM,HARD
2025,16,Italian Grand Prix,ALB,Williams,1,41,HARD -> MEDIUM,HARD,MEDIUM
2025,16,Italian Grand Prix,SAI,Williams,1,30,MEDIUM -> HARD,MEDIUM,HARD
2025,17,Azerbaijan Grand Prix,COL,Alpine,1,16,MEDIUM -> HARD,MEDIUM,HARD
2025,17,Azerbaijan Grand Prix,GAS,Alpine,1,35,HARD -> MEDIUM,HARD,MEDIUM
2025,17,Azerbaijan Grand Prix,ALO,Aston Martin,1,21,MEDIUM -> HARD,MEDIUM,HARD
2025,17,Azerbaijan Grand Prix,STR,Aston Martin,1,37,MEDIUM -> HARD,MEDIUM,HARD
2025,17,Azerbaijan Grand Prix,HAM,Ferrari,1,36,HARD -> MEDIUM,HARD,MEDIUM
2025,17,Azerbaijan Grand Prix,LEC,Ferrari,1,19,MEDIUM -> HARD,MEDIUM,HARD
2025,17,Azerbaijan Grand Prix,BEA,Haas F1 Team,1,28,HARD -> MEDIUM,HARD,MEDIUM
2025,17,Azerbaijan Grand Prix,OCO,Haas F1 Team,2,1,HARD -> MEDIUM -> HARD,HARD,HARD
2025,17,Azerbaijan Grand Prix,BOR,Kick Sauber,1,26,HARD -> MEDIUM,HARD,MEDIUM
2025,17,Azerbaijan Grand Prix,HUL,Kick Sauber,1,36,HARD -> MEDIUM,HARD,MEDIUM
2025,17,Azerbaijan Grand Prix,NOR,McLaren,1,37,MEDIUM -> HARD,MEDIUM,HARD
2025,17,Azerbaijan Grand Prix,PIA,McLaren,0,,MEDIUM,MEDIUM,MEDIUM
2025,17,Azerbaijan Grand Prix,ANT,Mercedes,1,18,MEDIUM -> HARD,MEDIUM,HARD
2025,17,Azerbaijan Grand Prix,RUS,Mercedes,1,39,HARD -> MEDIUM,HARD,MEDIUM
2025,17,Azerbaijan Grand Prix,HAD,Racing Bulls,1,29,MEDIUM -> HARD,MEDIUM,HARD
2025,17,Azerbaijan Grand Prix,LAW,Racing Bulls,1,20,MEDIUM -> HARD,MEDIUM,HARD
2025,17,Azerbaijan Grand Prix,TSU,Red Bull Racing,1,38,HARD -> MEDIUM,HARD,MEDIUM
2025,17,Azerbaijan Grand Prix,VER,Red Bull Racing,1,40,HARD -> MEDIUM,HARD,MEDIUM
2025,17,Azerbaijan Grand Prix,ALB,Williams,2,1,MEDIUM -> MEDIUM -> HARD,MEDIUM,HARD
2025,17,Azerbaijan Grand Prix,SAI,Williams,1,27,MEDIUM -> HARD,MEDIUM,HARD
2025,18,Singapore Grand Prix,COL,Alpine,1,14,SOFT -> MEDIUM,SOFT,MEDIUM
2025,18,Singapore Grand Prix,GAS,Alpine,2,24,MEDIUM -> HARD -> SOFT,MEDIUM,SOFT
2025,18,Singapore Grand Prix,ALO,Aston Martin,1,27,SOFT -> MEDIUM,SOFT,MEDIUM
2025,18,Singapore Grand Prix,STR,Aston Martin,1,38,SOFT -> MEDIUM,SOFT,MEDIUM
2025,18,Singapore Grand Prix,HAM,Ferrari,2,24,MEDIUM -> HARD -> SOFT,MEDIUM,SOFT
2025,18,Singapore Grand Prix,LEC,Ferrari,1,21,MEDIUM -> HARD,MEDIUM,HARD
2025,18,Singapore Grand Prix,BEA,Haas F1 Team,1,23,MEDIUM -> HARD,MEDIUM,HARD
2025,18,Singapore Grand Prix,OCO,Haas F1 Team,1,30,MEDIUM -> HARD,MEDIUM,HARD
2025,18,Singapore Grand Prix,BOR,Kick Sauber,1,13,MEDIUM -> HARD,MEDIUM,HARD
2025,18,Singapore Grand Prix,HUL,Kick Sauber,2,25,MEDIUM -> HARD -> SOFT,MEDIUM,SOFT
2025,18,Singapore Grand Prix,NOR,McLaren,1,26,MEDIUM -> HARD,MEDIUM,HARD
2025,18,Singapore Grand Prix,PIA,McLaren,1,27,MEDIUM -> HARD,MEDIUM,HARD
2025,18,Singapore Grand Prix,ANT,Mercedes,1,25,MEDIUM -> HARD,MEDIUM,HARD
2025,18,Singapore Grand Prix,RUS,Mercedes,1,25,MEDIUM -> HARD,MEDIUM,HARD
2025,18,Singapore Grand Prix,HAD,Racing Bulls,1,20,SOFT -> HARD,SOFT,HARD
2025,18,Singapore Grand Prix,LAW,Racing Bulls,1,48,MEDIUM -> SOFT,MEDIUM,SOFT
2025,18,Singapore Grand Prix,TSU,Red Bull Racing,1,13,SOFT -> HARD,SOFT,HARD
2025,18,Singapore Grand Prix,VER,Red Bull Racing,1,19,SOFT -> HARD,SOFT,HARD
2025,18,Singapore Grand Prix,ALB,Williams,1,42,MEDIUM -> SOFT,MEDIUM,SOFT
2025,18,Singapore Grand Prix,SAI,Williams,1,50,MEDIUM -> SOFT,MEDIUM,SOFT
2025,19,United States Grand Prix,COL,Alpine,1,32,MEDIUM -> SOFT,MEDIUM,SOFT
2025,19,United States Grand Prix,GAS,Alpine,1,27,MEDIUM -> SOFT,MEDIUM,SOFT
2025,19,United States Grand Prix,ALO,Aston Martin,1,30,MEDIUM -> SOFT,MEDIUM,SOFT
2025,19,United States Grand Prix,STR,Aston Martin,1,28,SOFT -> MEDIUM,SOFT,MEDIUM
2025,19,United States Grand Prix,HAM,Ferrari,1,31,MEDIUM -> SOFT,MEDIUM,SOFT
2025,19,United States Grand Prix,LEC,Ferrari,1,22,SOFT -> MEDIUM,SOFT,MEDIUM
2025,19,United States Grand Prix,BEA,Haas F1 Team,1,30,MEDIUM -> SOFT,MEDIUM,SOFT
2025,19,United States Grand Prix,OCO,Haas F1 Team,1,24,HARD -> MEDIUM,HARD,MEDIUM
2025,19,United States Grand Prix,BOR,Kick Sauber,2,14,SOFT -> MEDIUM -> SOFT,SOFT,SOFT
2025,19,United States Grand Prix,HUL,Kick Sauber,1,33,MEDIUM -> SOFT,MEDIUM,SOFT
2025,19,United States Grand Prix,NOR,McLaren,1,32,MEDIUM -> SOFT,MEDIUM,SOFT
2025,19,United States Grand Prix,PIA,McLaren,1,30,MEDIUM -> SOFT,MEDIUM,SOFT
2025,19,United States Grand Prix,ANT,Mercedes,1,31,MEDIUM -> SOFT,MEDIUM,SOFT
2025,19,United States Grand Prix,RUS,Mercedes,1,33,MEDIUM -> SOFT,MEDIUM,SOFT
2025,19,United States Grand Prix,HAD,Racing Bulls,1,28,HARD -> SOFT,HARD,SOFT
2025,19,United States Grand Prix,LAW,Racing Bulls,1,30,MEDIUM -> SOFT,MEDIUM,SOFT
2025,19,United States Grand Prix,TSU,Red Bull Racing,1,29,MEDIUM -> SOFT,MEDIUM,SOFT
2025,19,United States Grand Prix,VER,Red Bull Racing,1,33,MEDIUM -> SOFT,MEDIUM,SOFT
2025,19,United States Grand Prix,ALB,Williams,2,7,HARD -> MEDIUM -> SOFT,HARD,SOFT
2025,19,United States Grand Prix,SAI,Williams,0,,MEDIUM,MEDIUM,MEDIUM
2025,20,Mexico City Grand Prix,COL,Alpine,1,48,HARD -> SOFT,HARD,SOFT
2025,20,Mexico City Grand Prix,GAS,Alpine,1,33,MEDIUM -> SOFT,MEDIUM,SOFT
2025,20,Mexico City Grand Prix,ALO,Aston Martin,1,20,SOFT -> MEDIUM,SOFT,MEDIUM
2025,20,Mexico City Grand Prix,STR,Aston Martin,2,26,SOFT -> MEDIUM -> SOFT,SOFT,SOFT
2025,20,Mexico City Grand Prix,HAM,Ferrari,2,23,SOFT -> MEDIUM -> SOFT,SOFT,SOFT
2025,20,Mexico City Grand Prix,LEC,Ferrari,1,31,SOFT -> MEDIUM,SOFT,MEDIUM
2025,20,Mexico City Grand Prix,BEA,Haas F1 Team,2,24,SOFT -> MEDIUM -> SOFT,SOFT,SOFT
2025,20,Mexico City Grand Prix,OCO,Haas F1 Team,1,27,SOFT -> MEDIUM,SOFT,MEDIUM
2025,20,Mexico City Grand Prix,BOR,Kick Sauber,1,37,MEDIUM -> SOFT,MEDIUM,SOFT
2025,20,Mexico City Grand Prix,HUL,Kick Sauber,0,,SOFT,SOFT,SOFT
2025,20,Mexico City Grand Prix,NOR,McLaren,1,34,SOFT -> MEDIUM,SOFT,MEDIUM
2025,20,Mexico City Grand Prix,PIA,McLaren,2,24,SOFT -> MEDIUM -> SOFT,SOFT,SOFT
2025,20,Mexico City Grand Prix,ANT,Mercedes,2,22,SOFT -> MEDIUM -> SOFT,SOFT,SOFT
2025,20,Mexico City Grand Prix,RUS,Mercedes,2,25,SOFT -> MEDIUM -> SOFT,SOFT,SOFT
2025,20,Mexico City Grand Prix,HAD,Racing Bulls,1,34,MEDIUM -> SOFT,MEDIUM,SOFT
2025,20,Mexico City Grand Prix,LAW,Racing Bulls,1,2,SOFT -> HARD,SOFT,HARD
2025,20,Mexico City Grand Prix,TSU,Red Bull Racing,1,36,MEDIUM -> SOFT,MEDIUM,SOFT
2025,20,Mexico City Grand Prix,VER,Red Bull Racing,1,37,MEDIUM -> SOFT,MEDIUM,SOFT
2025,20,Mexico City Grand Prix,ALB,Williams,1,41,HARD -> SOFT,HARD,SOFT
2025,20,Mexico City Grand Prix,SAI,Williams,3,17,MEDIUM -> SOFT -> SOFT -> SOFT,MEDIUM,SOFT
2025,21,São Paulo Grand Prix,COL,Alpine,2,29,MEDIUM -> SOFT -> MEDIUM,MEDIUM,MEDIUM
2025,21,São Paulo Grand Prix,GAS,Alpine,2,18,SOFT -> MEDIUM -> MEDIUM,SOFT,MEDIUM
2025,21,São Paulo Grand Prix,ALO,Aston Martin,2,28,HARD -> MEDIUM -> MEDIUM,HARD,MEDIUM
2025,21,São Paulo Grand Prix,STR,Aston Martin,2,29,HARD -> MEDIUM -> MEDIUM,HARD,MEDIUM
2025,21,São Paulo Grand Prix,HAM,Ferrari,3,2,SOFT -> HARD -> MEDIUM -> MEDIUM,SOFT,MEDIUM
2025,21,São Paulo Grand Prix,LEC,Ferrari,0,,MEDIUM,MEDIUM,MEDIUM
2025,21,São Paulo Grand Prix,BEA,Haas F1 Team,2,17,SOFT -> MEDIUM -> MEDIUM,SOFT,MEDIUM
2025,21,São Paulo Grand Prix,OCO,Haas F1 Team,2,8,HARD -> MEDIUM -> MEDIUM,HARD,MEDIUM
2025,21,São Paulo Grand Prix,BOR,Kick Sauber,0,,SOFT,SOFT,SOFT
2025,21,São Paulo Grand Prix,HUL,Kick Sauber,1,36,MEDIUM -> SOFT,MEDIUM,SOFT
2025,21,São Paulo Grand Prix,NOR,McLaren,2,30,MEDIUM -> SOFT -> MEDIUM,MEDIUM,MEDIUM
2025,21,São Paulo Grand Prix,PIA,McLaren,2,38,MEDIUM -> SOFT -> MEDIUM,MEDIUM,MEDIUM
2025,21,São Paulo Grand Prix,ANT,Mercedes,2,21,SOFT -> MEDIUM -> MEDIUM,SOFT,MEDIUM
2025,21,São Paulo Grand Prix,RUS,Mercedes,2,34,MEDIUM -> SOFT -> MEDIUM,MEDIUM,MEDIUM
2025,21,São Paulo Grand Prix,HAD,Racing Bulls,2,18,SOFT -> MEDIUM -> MEDIUM,SOFT,MEDIUM
2025,21,São Paulo Grand Prix,LAW,Racing Bulls,1,19,SOFT -> MEDIUM,SOFT,MEDIUM
2025,21,São Paulo Grand Prix,TSU,Red Bull Racing,3,2,HARD -> MEDIUM -> MEDIUM -> MEDIUM,HARD,MEDIUM
2025,21,São Paulo Grand Prix,VER,Red Bull Racing,3,7,HARD -> MEDIUM -> MEDIUM -> SOFT,HARD,SOFT
2025,21,São Paulo Grand Prix,ALB,Williams,2,35,MEDIUM -> SOFT -> MEDIUM,MEDIUM,MEDIUM
2025,21,São Paulo Grand Prix,SAI,Williams,2,17,SOFT -> MEDIUM -> MEDIUM,SOFT,MEDIUM
2025,22,Las Vegas Grand Prix,COL,Alpine,1,25,HARD -> MEDIUM,HARD,MEDIUM
2025,22,Las Vegas Grand Prix,GAS,Alpine,1,2,MEDIUM -> HARD,MEDIUM,HARD
2025,22,Las Vegas Grand Prix,ALO,Aston Martin,1,16,MEDIUM -> HARD,MEDIUM,HARD
2025,22,Las Vegas Grand Prix,STR,Aston Martin,0,,MEDIUM,MEDIUM,MEDIUM
2025,22,Las Vegas Grand Prix,HAM,Ferrari,1,29,HARD -> MEDIUM,HARD,MEDIUM
2025,22,Las Vegas Grand Prix,LEC,Ferrari,1,24,MEDIUM -> HARD,MEDIUM,HARD
2025,22,Las Vegas Grand Prix,BEA,Haas F1 Team,1,17,MEDIUM -> HARD,MEDIUM,HARD
2025,22,Las Vegas Grand Prix,OCO,Haas F1 Team,1,27,MEDIUM -> HARD,MEDIUM,HARD
2025,22,Las Vegas Grand Prix,BOR,Kick Sauber,1,1,HARD -> MEDIUM,HARD,MEDIUM
2025,22,Las Vegas Grand Prix,HUL,Kick Sauber,1,30,HARD -> MEDIUM,HARD,MEDIUM
2025,22,Las Vegas Grand Prix,NOR,McLaren,1,22,MEDIUM -> HARD,MEDIUM,HARD
2025,22,Las Vegas Grand Prix,PIA,McLaren,1,21,MEDIUM -> HARD,MEDIUM,HARD
2025,22,Las Vegas Grand Prix,ANT,Mercedes,1,2,SOFT -> HARD,SOFT,HARD
2025,22,Las Vegas Grand Prix,RUS,Mercedes,1,17,MEDIUM -> HARD,MEDIUM,HARD
2025,22,Las Vegas Grand Prix,HAD,Racing Bulls,1,20,MEDIUM -> HARD,MEDIUM,HARD
2025,22,Las Vegas Grand Prix,LAW,Racing Bulls,2,2,MEDIUM -> HARD -> HARD,MEDIUM,HARD
2025,22,Las Vegas Grand Prix,TSU,Red Bull Racing,2,1,MEDIUM -> HARD -> MEDIUM,MEDIUM,MEDIUM
2025,22,Las Vegas Grand Prix,VER,Red Bull Racing,1,25,MEDIUM -> HARD,MEDIUM,HARD
2025,22,Las Vegas Grand Prix,ALB,Williams,3,13,HARD -> MEDIUM -> HARD -> MEDIUM,HARD,MEDIUM
2025,22,Las Vegas Grand Prix,SAI,Williams,1,22,MEDIUM -> HARD,MEDIUM,HARD
2025,23,Qatar Grand Prix,COL,Alpine,2,7,HARD -> MEDIUM -> MEDIUM,HARD,MEDIUM
2025,23,Qatar Grand Prix,GAS,Alpine,2,7,MEDIUM -> HARD -> MEDIUM,MEDIUM,MEDIUM
2025,23,Qatar Grand Prix,ALO,Aston Martin,2,7,MEDIUM -> MEDIUM -> HARD,MEDIUM,HARD
2025,23,Qatar Grand Prix,STR,Aston Martin,3,7,MEDIUM -> MEDIUM -> MEDIUM -> SOFT,MEDIUM,SOFT
2025,23,Qatar Grand Prix,HAM,Ferrari,2,7,SOFT -> MEDIUM -> MEDIUM,SOFT,MEDIUM
2025,23,Qatar Grand Prix,LEC,Ferrari,2,7,MEDIUM -> MEDIUM -> HARD,MEDIUM,HARD
2025,23,Qatar Grand Prix,BEA,Haas F1 Team,3,7,MEDIUM -> MEDIUM -> HARD -> HARD,MEDIUM,HARD
2025,23,Qatar Grand Prix,OCO,Haas F1 Team,3,8,MEDIUM -> HARD -> MEDIUM -> HARD,MEDIUM,HARD
2025,23,Qatar Grand Prix,BOR,Kick Sauber,2,7,MEDIUM -> MEDIUM -> SOFT,MEDIUM,SOFT
2025,23,Qatar Grand Prix,HUL,Kick Sauber,0,,SOFT,SOFT,SOFT
2025,23,Qatar Grand Prix,NOR,McLaren,2,25,MEDIUM -> MEDIUM -> HARD,MEDIUM,HARD
2025,23,Qatar Grand Prix,PIA,McLaren,2,24,MEDIUM -> MEDIUM -> HARD,MEDIUM,HARD
2025,23,Qatar Grand Prix,ANT,Mercedes,2,7,MEDIUM -> MEDIUM -> HARD,MEDIUM,HARD
2025,23,Qatar Grand Prix,RUS,Mercedes,2,7,MEDIUM -> MEDIUM -> HARD,MEDIUM,HARD
2025,23,Qatar Grand Prix,HAD,Racing Bulls,2,7,MEDIUM -> MEDIUM -> HARD,MEDIUM,HARD
2025,23,Qatar Grand Prix,LAW,Racing Bulls,2,7,MEDIUM -> MEDIUM -> HARD,MEDIUM,HARD
2025,23,Qatar Grand Prix,TSU,Red Bull Racing,2,7,MEDIUM -> MEDIUM -> HARD,MEDIUM,HARD
2025,23,Qatar Grand Prix,VER,Red Bull Racing,2,7,MEDIUM -> MEDIUM -> HARD,MEDIUM,HARD
2025,23,Qatar Grand Prix,ALB,Williams,2,7,HARD -> MEDIUM -> MEDIUM,HARD,MEDIUM
2025,23,Qatar Grand Prix,SAI,Williams,2,7,MEDIUM -> MEDIUM -> HARD,MEDIUM,HARD
2025,24,Abu Dhabi Grand Prix,COL,Alpine,2,15,MEDIUM -> HARD -> MEDIUM,MEDIUM,MEDIUM
2025,24,Abu Dhabi Grand Prix,GAS,Alpine,2,13,MEDIUM -> HARD -> MEDIUM,MEDIUM,MEDIUM
2025,24,Abu Dhabi Grand Prix,ALO,Aston Martin,1,16,MEDIUM -> HARD,MEDIUM,HARD
2025,24,Abu Dhabi Grand Prix,STR,Aston Martin,1,42,HARD -> MEDIUM,HARD,MEDIUM
2025,24,Abu Dhabi Grand Prix,HAM,Ferrari,2,8,SOFT -> HARD -> MEDIUM,SOFT,MEDIUM
2025,24,Abu Dhabi Grand Prix,LEC,Ferrari,2,16,MEDIUM -> HARD -> MEDIUM,MEDIUM,MEDIUM
2025,24,Abu Dhabi Grand Prix,BEA,Haas F1 Team,1,14,MEDIUM -> HARD,MEDIUM,HARD
2025,24,Abu Dhabi Grand Prix,OCO,Haas F1 Team,1,19,MEDIUM -> HARD,MEDIUM,HARD
2025,24,Abu Dhabi Grand Prix,BOR,Kick Sauber,1,15,MEDIUM -> HARD,MEDIUM,HARD
2025,24,Abu Dhabi Grand Prix,HUL,Kick Sauber,2,7,SOFT -> HARD -> MEDIUM,SOFT,MEDIUM
2025,24,Abu Dhabi Grand Prix,NOR,McLaren,2,16,MEDIUM -> HARD -> HARD,MEDIUM,HARD
2025,24,Abu Dhabi Grand Prix,PIA,McLaren,1,41,HARD -> MEDIUM,HARD,MEDIUM
2025,24,Abu Dhabi Grand Prix,ANT,Mercedes,1,32,HARD -> MEDIUM,HARD,MEDIUM
2025,24,Abu Dhabi Grand Prix,RUS,Mercedes,1,14,MEDIUM -> HARD,MEDIUM,HARD
2025,24,Abu Dhabi Grand Prix,HAD,Racing Bulls,1,14,MEDIUM -> HARD,MEDIUM,HARD
2025,24,Abu Dhabi Grand Prix,LAW,Racing Bulls,1,21,MEDIUM -> HARD,MEDIUM,HARD
2025,24,Abu Dhabi Grand Prix,TSU,Red Bull Racing,1,32,HARD -> MEDIUM,HARD,MEDIUM
2025,24,Abu Dhabi Grand Prix,VER,Red Bull Racing,1,23,MEDIUM -> HARD,MEDIUM,HARD
2025,24,Abu Dhabi Grand Prix,ALB,Williams,2,8,SOFT -> HARD -> MEDIUM,SOFT,MEDIUM
2025,24,Abu Dhabi Grand Prix,SAI,Williams,1,18,MEDIUM -> HARD,MEDIUM,HARD
