Season,RoundNumber,RaceName,Driver,Team,NumPitStops,GridPosition_Est,AvgEarlyPace,PaceStdDev,TireDegSlope,AvgAirTemp,AvgTrackTemp,AvgHumidity,RainDetected,StartTyre_HARD,StartTyre_INTERMEDIATE,StartTyre_MEDIUM,StartTyre_SOFT
2025,1,Australian Grand Prix,GAS,Alpine,5,9.0,96.67666666666666,1.551196419971803,-1.4570000000000007,15.707865168539326,18.942134831460674,78.42134831460675,True,False,True,False,False
2025,1,Australian Grand Prix,ALO,Aston Martin,3,10.0,96.73,1.4490800529991426,-1.3924999999999983,15.707865168539326,18.942134831460674,78.42134831460675,True,False,True,False,False
2025,1,Australian Grand Prix,STR,Aston Martin,5,11.0,96.68566666666668,1.8014006587467806,-1.7620000000000005,15.707865168539326,18.942134831460674,78.42134831460675,True,False,True,False,False
2025,1,Australian Grand Prix,HAM,Ferrari,5,8.0,96.55333333333333,1.624530804058004,-1.6020000000000039,15.707865168539326,18.942134831460674,78.42134831460675,True,False,True,False,False
2025,1,Australian Grand Prix,LEC,Ferrari,5,5.0,95.55399999999999,2.386876829666748,-2.325499999999998,15.707865168539326,18.942134831460674,78.42134831460675,True,False,True,False,False
2025,1,Australian Grand Prix,BEA,Haas F1 Team,5,17.0,99.00966666666666,2.8477756817090314,-2.8215000000000003,15.707865168539326,18.942134831460674,78.42134831460675,True,False,True,False,False
2025,1,Australian Grand Prix,OCO,Haas F1 Team,5,15.0,98.34833333333334,2.040533345312773,-2.024000000000001,15.707865168539326,18.942134831460674,78.42134831460675,True,False,True,False,False
2025,1,Australian Grand Prix,BOR,Kick Sauber,5,14.0,97.51766666666667,2.4352086837339706,-2.3200000000000003,15.707865168539326,18.942134831460674,78.42134831460675,True,False,True,False,False
2025,1,Australian Grand Prix,HUL,Kick Sauber,5,12.0,96.83766666666666,1.9779611556684686,-1.957500000000003,15.707865168539326,18.942134831460674,78.42134831460675,True,False,True,False,False
2025,1,Australian Grand Prix,NOR,McLaren,5,1.0,94.34866666666666,2.089081456844935,-2.074000000000005,15.707865168539326,18.942134831460674,78.42134831460675,True,False,True,False,False
2025,1,Australian Grand Prix,PIA,McLaren,5,3.0,94.83366666666666,2.300181369660521,-2.289500000000004,15.707865168539326,18.942134831460674,78.42134831460675,True,False,True,False,False
2025,1,Australian Grand Prix,ANT,Mercedes,5,13.0,96.77033333333333,1.7744639566171354,-1.7295000000000014,15.707865168539326,18.942134831460674,78.42134831460675,True,False,True,False,False
2025,1,Australian Grand Prix,RUS,Mercedes,5,4.0,95.428,2.172339982599406,-2.1184999999999974,15.707865168539326,18.942134831460674,78.42134831460675,True,False,True,False,False
2025,1,Australian Grand Prix,TSU,Racing Bulls,5,6.0,96.10199999999999,2.102956728037926,-2.015499999999996,15.707865168539326,18.942134831460674,78.42134831460675,True,False,True,False,False
2025,1,Australian Grand Prix,LAW,Red Bull Racing,4,16.0,98.545,1.986122604473344,-1.9839999999999947,15.707865168539326,18.942134831460674,78.42134831460675,True,False,True,False,False
2025,1,Australian Grand Prix,VER,Red Bull Racing,5,2.0,94.59833333333331,2.104354612068346,-2.0899999999999963,15.707865168539326,18.942134831460674,78.42134831460675,True,False,True,False,False
2025,1,Australian Grand Prix,ALB,Williams,5,7.0,96.35833333333335,1.894173786465578,-1.893500000000003,15.707865168539326,18.942134831460674,78.42134831460675,True,False,True,False,False
2025,2,Chinese Grand Prix,DOO,Alpine,1,17.0,99.38900000000001,0.13154162839192918,0.008310559006210876,27.215584415584413,35.81688311688312,18.233766233766232,False,False,False,True,False
2025,2,Chinese Grand Prix,GAS,Alpine,1,13.0,99.87166666666667,2.127928256935995,0.6549440993788813,27.215584415584413,35.81688311688312,18.233766233766232,False,False,False,True,False
2025,2,Chinese Grand Prix,STR,Aston Martin,1,14.0,99.09049999999998,0.3292262140231215,0.12113664596273166,27.215584415584413,35.81688311688312,18.233766233766232,False,True,False,False,False
2025,2,Chinese Grand Prix,HAM,Ferrari,2,4.0,98.38642857142858,0.3741843828661897,0.08630747126436805,27.215584415584413,35.81688311688312,18.233766233766232,False,False,False,True,False
2025,2,Chinese Grand Prix,LEC,Ferrari,1,5.0,98.31057142857144,0.32914528562265644,0.0848304597701156,27.215584415584413,35.81688311688312,18.233766233766232,False,False,False,True,False
2025,2,Chinese Grand Prix,BEA,Haas F1 Team,1,16.0,99.40783333333333,0.22358123057776008,-0.01758385093167783,27.215584415584413,35.81688311688312,18.233766233766232,False,True,False,False,False
2025,2,Chinese Grand Prix,OCO,Haas F1 Team,1,10.0,99.15216666666667,0.19557649824727305,0.07303726708074403,27.215584415584413,35.81688311688312,18.233766233766232,False,False,False,True,False
2025,2,Chinese Grand Prix,BOR,Kick Sauber,2,20.0,98.77557142857142,0.4269765243909221,0.13299315068493198,27.215584415584413,35.81688311688312,18.233766233766232,False,False,False,True,False
2025,2,Chinese Grand Prix,HUL,Kick Sauber,1,19.0,99.91916666666668,0.13380794694885187,-0.008204968944097864,27.215584415584413,35.81688311688312,18.233766233766232,False,False,False,True,False
2025,2,Chinese Grand Prix,NOR,McLaren,1,2.0,98.09142857142858,0.3126237659673695,0.10203735632184009,27.215584415584413,35.81688311688312,18.233766233766232,False,False,False,True,False
2025,2,Chinese Grand Prix,PIA,McLaren,1,1.0,97.96014285714286,0.23198809493263944,0.06200574712643646,27.215584415584413,35.81688311688312,18.233766233766232,False,False,False,True,False
2025,2,Chinese Grand Prix,ANT,Mercedes,1,7.0,98.93328571428572,0.31687206371326887,0.1048419540229889,27.215584415584413,35.81688311688312,18.233766233766232,False,False,False,True,False
2025,2,Chinese Grand Prix,RUS,Mercedes,1,3.0,98.15728571428572,0.5005499356660039,0.15862931034482852,27.215584415584413,35.81688311688312,18.233766233766232,False,False,False,True,False
2025,2,Chinese Grand Prix,HAD,Racing Bulls,2,9.0,99.07333333333332,0.24619883563223352,0.05290683229813709,27.215584415584413,35.81688311688312,18.233766233766232,False,False,False,True,False
2025,2,Chinese Grand Prix,TSU,Racing Bulls,3,8.0,99.05149999999999,0.2567892131690899,0.08416770186335405,27.215584415584413,35.81688311688312,18.233766233766232,False,False,False,True,False
2025,2,Chinese Grand Prix,LAW,Red Bull Racing,2,18.0,99.479,0.22623262364212574,0.02411180124223614,27.215584415584413,35.81688311688312,18.233766233766232,False,True,False,False,False
2025,2,Chinese Grand Prix,VER,Red Bull Racing,1,6.0,98.84028571428571,0.32257645826775805,0.09943103448275781,27.215584415584413,35.81688311688312,18.233766233766232,False,False,False,True,False
2025,2,Chinese Grand Prix,ALB,Williams,1,11.0,99.10933333333334,0.33046008331818955,0.0885714285714271,27.215584415584413,35.81688311688312,18.233766233766232,False,False,False,True,False
2025,2,Chinese Grand Prix,SAI,Williams,1,15.0,99.11016666666667,0.2931869142145765,0.0986024844720481,27.215584415584413,35.81688311688312,18.233766233766232,False,False,False,True,False
2025,3,Japanese Grand Prix,DOO,Alpine,1,18.0,96.40240000000001,3.1763424528501005,-0.6635393939393943,14.43,20.514285714285716,76.37142857142857,False,False,False,False,True
2025,3,Japanese Grand Prix,GAS,Alpine,1,12.0,95.59380000000002,2.431460868604627,-0.48410909090909127,14.43,20.514285714285716,76.37142857142857,False,False,False,True,False
2025,3,Japanese Grand Prix,ALO,Aston Martin,1,11.0,95.42940000000002,2.3544308677706196,-0.47416969696969696,14.43,20.514285714285716,76.37142857142857,False,False,False,True,False
2025,3,Japanese Grand Prix,STR,Aston Martin,2,19.0,98.8075,6.666828418871048,0.5306121212121209,14.43,20.514285714285716,76.37142857142857,False,False,False,False,True
2025,3,Japanese Grand Prix,HAM,Ferrari,1,8.0,94.71010000000001,2.0116865478166974,-0.4404060606060606,14.43,20.514285714285716,76.37142857142857,False,True,False,False,False
2025,3,Japanese Grand Prix,LEC,Ferrari,1,4.0,94.28980000000001,1.0891207258865065,-0.20750303030302936,14.43,20.514285714285716,76.37142857142857,False,False,False,True,False
2025,3,Japanese Grand Prix,BEA,Haas F1 Team,1,10.0,95.2497,2.153558556333113,-0.41692727272727304,14.43,20.514285714285716,76.37142857142857,False,False,False,True,False
2025,3,Japanese Grand Prix,OCO,Haas F1 Team,1,17.0,96.28630000000001,3.0344144245636597,-0.6376545454545461,14.43,20.514285714285716,76.37142857142857,False,True,False,False,False
2025,3,Japanese Grand Prix,BOR,Kick Sauber,1,20.0,96.554,3.690571771419707,-0.747793939393939,14.43,20.514285714285716,76.37142857142857,False,True,False,False,False
2025,3,Japanese Grand Prix,HUL,Kick Sauber,1,15.0,96.1507,2.7961214824188967,-0.6220060606060606,14.43,20.514285714285716,76.37142857142857,False,False,False,True,False
2025,3,Japanese Grand Prix,NOR,McLaren,1,2.0,93.9786,0.6447404645798696,-0.1401939393939397,14.43,20.514285714285716,76.37142857142857,False,False,False,True,False
2025,3,Japanese Grand Prix,PIA,McLaren,1,3.0,94.1491,0.8393513964167004,-0.15307272727272714,14.43,20.514285714285716,76.37142857142857,False,False,False,True,False
2025,3,Japanese Grand Prix,ANT,Mercedes,1,6.0,94.51880000000001,1.5807557826699374,-0.3227515151515155,14.43,20.514285714285716,76.37142857142857,False,False,False,True,False
2025,3,Japanese Grand Prix,RUS,Mercedes,1,5.0,94.3552,1.2915554618796328,-0.2642060606060608,14.43,20.514285714285716,76.37142857142857,False,False,False,True,False
2025,3,Japanese Grand Prix,HAD,Racing Bulls,1,7.0,94.9408,1.8050903824708875,-0.3458060606060608,14.43,20.514285714285716,76.37142857142857,False,False,False,True,False
2025,3,Japanese Grand Prix,LAW,Racing Bulls,1,14.0,95.94149999999999,2.6875104237523932,-0.5713151515151511,14.43,20.514285714285716,76.37142857142857,False,False,False,True,False
2025,3,Japanese Grand Prix,TSU,Red Bull Racing,1,13.0,95.67179999999999,2.566215882492263,-0.5236121212121205,14.43,20.514285714285716,76.37142857142857,False,False,False,True,False
2025,3,Japanese Grand Prix,VER,Red Bull Racing,1,1.0,93.76190000000001,0.36410390763565603,-0.08925454545454471,14.43,20.514285714285716,76.37142857142857,False,False,False,True,False
2025,3,Japanese Grand Prix,ALB,Williams,1,9.0,95.0885,2.0371334026027856,-0.41263636363636397,14.43,20.514285714285716,76.37142857142857,False,False,False,True,False
2025,3,Japanese Grand Prix,SAI,Williams,1,16.0,96.0038,2.929651773011789,-0.6076848484848488,14.43,20.514285714285716,76.37142857142857,False,False,False,True,False
2025,4,Bahrain Grand Prix,DOO,Alpine,2,11.0,102.12440000000001,6.021764399981859,0.9357212121212125,27.052531645569623,31.870253164556964,45.32911392405063,False,False,False,False,True
2025,4,Bahrain Grand Prix,GAS,Alpine,2,5.0,99.7072,1.9646232774306185,0.24907878787878845,27.052531645569623,31.870253164556964,45.32911392405063,False,False,False,False,True
2025,4,Bahrain Grand Prix,ALO,Aston Martin,2,12.0,100.6496,1.8469209331569498,-0.2968848484848488,27.052531645569623,31.870253164556964,45.32911392405063,False,False,False,True,False
2025,4,Bahrain Grand Prix,STR,Aston Martin,2,18.0,100.934,2.7902404516058765,-0.43797575757575685,27.052531645569623,31.870253164556964,45.32911392405063,False,False,False,False,True
2025,4,Bahrain Grand Prix,HAM,Ferrari,2,9.0,99.804,1.8230701211600897,-0.137284848484849,27.052531645569623,31.870253164556964,45.32911392405063,False,False,False,True,False
2025,4,Bahrain Grand Prix,LEC,Ferrari,2,4.0,98.9185,0.920816938013919,-0.056478787878787295,27.052531645569623,31.870253164556964,45.32911392405063,False,False,False,True,False
2025,4,Bahrain Grand Prix,BEA,Haas F1 Team,2,15.0,100.3865,2.3103359664295087,-0.3746969696969692,27.052531645569623,31.870253164556964,45.32911392405063,False,False,False,False,True
2025,4,Bahrain Grand Prix,OCO,Haas F1 Team,2,13.0,101.84049999999999,6.108226624806908,0.4573151515151511,27.052531645569623,31.870253164556964,45.32911392405063,False,False,False,False,True
2025,4,Bahrain Grand Prix,BOR,Kick Sauber,2,19.0,101.0955,2.8990263978714568,-0.4992060606060608,27.052531645569623,31.870253164556964,45.32911392405063,False,False,False,True,False
2025,4,Bahrain Grand Prix,HUL,Kick Sauber,2,20.0,102.54129999999998,6.199126068335043,-0.5741030303030303,27.052531645569623,31.870253164556964,45.32911392405063,False,False,False,False,True
2025,4,Bahrain Grand Prix,NOR,McLaren,2,3.0,99.0236,1.1151996532758934,0.13198787878787885,27.052531645569623,31.870253164556964,45.32911392405063,False,False,False,False,True
2025,4,Bahrain Grand Prix,PIA,McLaren,2,1.0,98.3221,0.390145115452071,0.07087878787878801,27.052531645569623,31.870253164556964,45.32911392405063,False,False,False,False,True
2025,4,Bahrain Grand Prix,ANT,Mercedes,3,7.0,99.291,1.5061336815391475,-0.12038787878787865,27.052531645569623,31.870253164556964,45.32911392405063,False,False,False,False,True
2025,4,Bahrain Grand Prix,RUS,Mercedes,2,2.0,98.66159999999999,0.47744905487392103,0.03476363636363725,27.052531645569623,31.870253164556964,45.32911392405063,False,False,False,False,True
2025,4,Bahrain Grand Prix,HAD,Racing Bulls,2,16.0,102.33040000000001,6.497533176350683,-0.22592727272727225,27.052531645569623,31.870253164556964,45.32911392405063,False,False,False,False,True
2025,4,Bahrain Grand Prix,LAW,Racing Bulls,2,17.0,100.75539999999998,2.7195092367721223,-0.4412363636363632,27.052531645569623,31.870253164556964,45.32911392405063,False,False,False,True,False
2025,4,Bahrain Grand Prix,TSU,Red Bull Racing,2,10.0,99.9152,1.8692166986913719,-0.16432727272727257,27.052531645569623,31.870253164556964,45.32911392405063,False,False,False,False,True
2025,4,Bahrain Grand Prix,VER,Red Bull Racing,2,8.0,99.79339999999999,2.0434445972969804,0.05536969696969763,27.052531645569623,31.870253164556964,45.32911392405063,False,False,False,False,True
2025,4,Bahrain Grand Prix,ALB,Williams,2,14.0,100.20320000000001,2.2977242267561673,-0.31414545454545456,27.052531645569623,31.870253164556964,45.32911392405063,False,False,False,False,True
2025,4,Bahrain Grand Prix,SAI,Williams,3,6.0,100.03029999999998,1.7101102011273999,0.10444242424242445,27.052531645569623,31.870253164556964,45.32911392405063,False,False,False,False,True
2025,5,Saudi Arabian Grand Prix,DOO,Alpine,2,16.0,96.21757142857143,0.9419660038350403,-0.3006785714285723,29.483802816901406,37.819718309859155,62.725352112676056,False,False,False,True,False
2025,5,Saudi Arabian Grand Prix,ALO,Aston Martin,1,10.0,95.78585714285714,1.1323866284050148,-0.4026785714285716,29.483802816901406,37.819718309859155,62.725352112676056,False,False,False,True,False
2025,5,Saudi Arabian Grand Prix,STR,Aston Martin,1,14.0,96.0992857142857,0.8903549319018252,-0.3152857142857149,29.483802816901406,37.819718309859155,62.725352112676056,False,True,False,False,False
2025,5,Saudi Arabian Grand Prix,HAM,Ferrari,1,6.0,94.923,0.7151661811541886,-0.24385714285714347,29.483802816901406,37.819718309859155,62.725352112676056,False,False,False,True,False
2025,5,Saudi Arabian Grand Prix,LEC,Ferrari,1,4.0,94.52442857142856,0.6056186526032301,-0.1918214285714284,29.483802816901406,37.819718309859155,62.725352112676056,False,False,False,True,False
2025,5,Saudi Arabian Grand Prix,BEA,Haas F1 Team,1,13.0,95.88085714285714,1.0184603459096877,-0.36432142857142985,29.483802816901406,37.819718309859155,62.725352112676056,False,False,False,True,False
2025,5,Saudi Arabian Grand Prix,OCO,Haas F1 Team,1,17.0,96.25071428571428,0.9985173532602749,-0.3418928571428574,29.483802816901406,37.819718309859155,62.725352112676056,False,False,False,True,False
2025,5,Saudi Arabian Grand Prix,BOR,Kick Sauber,1,18.0,96.58957142857143,0.9152010447879468,-0.3609642857142846,29.483802816901406,37.819718309859155,62.725352112676056,False,False,False,True,False
2025,5,Saudi Arabian Grand Prix,HUL,Kick Sauber,1,15.0,96.2192857142857,0.8888115125052708,-0.26735714285714196,29.483802816901406,37.819718309859155,62.725352112676056,False,True,False,False,False
2025,5,Saudi Arabian Grand Prix,NOR,McLaren,1,8.0,95.02285714285713,1.0098442831399668,-0.39867857142857127,29.483802816901406,37.819718309859155,62.725352112676056,False,True,False,False,False
2025,5,Saudi Arabian Grand Prix,PIA,McLaren,1,2.0,93.79185714285714,0.314738213214002,-0.016642857142857435,29.483802816901406,37.819718309859155,62.725352112676056,False,False,False,True,False
2025,5,Saudi Arabian Grand Prix,ANT,Mercedes,1,5.0,94.75042857142857,0.680909650673976,-0.17385714285714318,29.483802816901406,37.819718309859155,62.725352112676056,False,False,False,True,False
2025,5,Saudi Arabian Grand Prix,RUS,Mercedes,1,3.0,94.16671428571429,0.4520522515099771,-0.12592857142857078,29.483802816901406,37.819718309859155,62.725352112676056,False,False,False,True,False
2025,5,Saudi Arabian Grand Prix,HAD,Racing Bulls,1,11.0,95.59971428571428,0.9225879748991793,-0.2788214285714281,29.483802816901406,37.819718309859155,62.725352112676056,False,True,False,False,False
2025,5,Saudi Arabian Grand Prix,LAW,Racing Bulls,1,12.0,95.81242857142855,0.9402630584297227,-0.3241785714285703,29.483802816901406,37.819718309859155,62.725352112676056,False,False,False,True,False
2025,5,Saudi Arabian Grand Prix,VER,Red Bull Racing,1,1.0,93.73199999999999,0.14336433773199864,0.015607142857143786,29.483802816901406,37.819718309859155,62.725352112676056,False,False,False,True,False
2025,5,Saudi Arabian Grand Prix,ALB,Williams,1,9.0,95.50614285714285,0.8653510710633421,-0.3136785714285704,29.483802816901406,37.819718309859155,62.725352112676056,False,False,False,True,False
2025,5,Saudi Arabian Grand Prix,SAI,Williams,1,7.0,95.39285714285715,0.7112161951126212,-0.28089285714285644,29.483802816901406,37.819718309859155,62.725352112676056,False,False,False,True,False
2025,6,Miami Grand Prix,GAS,Alpine,1,18.0,93.96214285714288,0.2893662204263116,-0.10257142857142805,26.57315436241611,38.690604026845634,63.02013422818792,True,True,False,False,False
2025,6,Miami Grand Prix,ALO,Aston Martin,1,17.0,94.65028571428572,2.8330212209045023,0.43303571428571475,26.57315436241611,38.690604026845634,63.02013422818792,True,True,False,False,False
2025,6,Miami Grand Prix,STR,Aston Martin,0,15.0,93.64485714285715,0.25375541279706587,-0.015714285714285632,26.57315436241611,38.690604026845634,63.02013422818792,True,True,False,False,False
2025,6,Miami Grand Prix,HAM,Ferrari,1,12.0,92.99285714285713,0.3214552475702868,0.062178571428571416,26.57315436241611,38.690604026845634,63.02013422818792,True,True,False,False,False
2025,6,Miami Grand Prix,LEC,Ferrari,1,8.0,92.99714285714286,0.32326069385323786,0.04860714285714199,26.57315436241611,38.690604026845634,63.02013422818792,True,False,False,True,False
2025,6,Miami Grand Prix,BEA,Haas F1 Team,0,16.0,93.654,0.17943894040406294,-0.025857142857141975,26.57315436241611,38.690604026845634,63.02013422818792,True,True,False,False,False
2025,6,Miami Grand Prix,OCO,Haas F1 Team,0,10.0,93.14685714285714,0.4388630874473377,0.15600000000000033,26.57315436241611,38.690604026845634,63.02013422818792,True,True,False,False,False
2025,6,Miami Grand Prix,BOR,Kick Sauber,0,13.0,93.53699999999999,0.47255687488386106,-0.09425000000000136,26.57315436241611,38.690604026845634,63.02013422818792,True,True,False,False,False
2025,6,Miami Grand Prix,HUL,Kick Sauber,1,14.0,93.59085714285713,0.27831243149347107,-0.06275000000000018,26.57315436241611,38.690604026845634,63.02013422818792,True,True,False,False,False
2025,6,Miami Grand Prix,NOR,McLaren,1,6.0,92.41185714285713,0.3805230735761091,-0.06692857142857125,26.57315436241611,38.690604026845634,63.02013422818792,True,False,False,True,False
2025,6,Miami Grand Prix,PIA,McLaren,1,3.0,92.10614285714287,0.13526200325224236,0.011214285714285462,26.57315436241611,38.690604026845634,63.02013422818792,True,False,False,True,False
2025,6,Miami Grand Prix,ANT,Mercedes,1,2.0,93.05999999999999,0.2829499366790297,0.05985714285714292,26.57315436241611,38.690604026845634,63.02013422818792,True,False,False,True,False
2025,6,Miami Grand Prix,RUS,Mercedes,1,4.0,93.15299999999999,0.5647199896113695,0.07103571428571392,26.57315436241611,38.690604026845634,63.02013422818792,True,True,False,False,False
2025,6,Miami Grand Prix,HAD,Racing Bulls,0,11.0,93.40857142857143,0.5226276102997451,-0.11071428571428601,26.57315436241611,38.690604026845634,63.02013422818792,True,True,False,False,False
2025,6,Miami Grand Prix,LAW,Racing Bulls,1,19.0,94.09371428571428,0.38020113724436005,0.05735714285714215,26.57315436241611,38.690604026845634,63.02013422818792,True,True,False,False,False
2025,6,Miami Grand Prix,TSU,Red Bull Racing,1,9.0,93.088,0.1210316762945439,0.04910714285714336,26.57315436241611,38.690604026845634,63.02013422818792,True,False,False,True,False
2025,6,Miami Grand Prix,VER,Red Bull Racing,1,1.0,92.32314285714286,0.2179429807475871,0.017928571428571263,26.57315436241611,38.690604026845634,63.02013422818792,True,False,False,True,False
2025,6,Miami Grand Prix,ALB,Williams,1,5.0,93.15257142857142,0.3231077514508415,-0.08814285714285625,26.57315436241611,38.690604026845634,63.02013422818792,True,False,False,True,False
2025,6,Miami Grand Prix,SAI,Williams,1,7.0,92.9192857142857,0.3658614101385545,0.09300000000000098,26.57315436241611,38.690604026845634,63.02013422818792,True,False,False,True,False
2025,7,Emilia Romagna Grand Prix,COL,Alpine,2,17.0,83.41569999999999,3.1749833962820455,-0.6197757575757573,23.964666666666666,42.664,38.306666666666665,False,False,False,True,False
2025,7,Emilia Romagna Grand Prix,GAS,Alpine,2,9.0,85.798,7.281534789375719,0.9852727272727274,23.964666666666666,42.664,38.306666666666665,False,False,False,True,False
2025,7,Emilia Romagna Grand Prix,ALO,Aston Martin,2,5.0,82.3309,1.4703676373237036,-0.18708484848484833,23.964666666666666,42.664,38.306666666666665,False,False,False,True,False
2025,7,Emilia Romagna Grand Prix,STR,Aston Martin,2,8.0,82.5343,1.8625711649342287,-0.31230909090909087,23.964666666666666,42.664,38.306666666666665,False,False,False,True,False
2025,7,Emilia Romagna Grand Prix,HAM,Ferrari,2,13.0,82.77669999999999,2.5823543542881757,-0.4569515151515146,23.964666666666666,42.664,38.306666666666665,False,True,False,False,False
2025,7,Emilia Romagna Grand Prix,LEC,Ferrari,2,10.0,83.0232,2.5160567826130906,-0.1295151515151512,23.964666666666666,42.664,38.306666666666665,False,False,False,True,False
2025,7,Emilia Romagna Grand Prix,BEA,Haas F1 Team,2,18.0,83.53549999999998,3.3818961561690677,-0.6695212121212116,23.964666666666666,42.664,38.306666666666665,False,True,False,False,False
2025,7,Emilia Romagna Grand Prix,OCO,Haas F1 Team,1,20.0,85.4764,8.138143785081867,-1.7202666666666664,23.964666666666666,42.664,38.306666666666665,False,False,False,True,False
2025,7,Emilia Romagna Grand Prix,BOR,Kick Sauber,3,14.0,83.0047,2.6582895942065203,-0.4737272727272724,23.964666666666666,42.664,38.306666666666665,False,False,False,True,False
2025,7,Emilia Romagna Grand Prix,HUL,Kick Sauber,1,16.0,83.3093,3.0558118415751845,-0.6025757575757572,23.964666666666666,42.664,38.306666666666665,False,True,False,False,False
2025,7,Emilia Romagna Grand Prix,NOR,McLaren,2,4.0,82.2358,1.3538154970305214,-0.1240606060606064,23.964666666666666,42.664,38.306666666666665,False,False,False,True,False
2025,7,Emilia Romagna Grand Prix,PIA,McLaren,2,2.0,81.61089999999999,0.8507961565498494,-0.14127878787878725,23.964666666666666,42.664,38.306666666666665,False,False,False,True,False
2025,7,Emilia Romagna Grand Prix,ANT,Mercedes,1,12.0,82.7086,2.463077487841404,-0.4499636363636369,23.964666666666666,42.664,38.306666666666665,False,True,False,False,False
2025,7,Emilia Romagna Grand Prix,RUS,Mercedes,2,3.0,82.18870000000001,1.1072735334043626,-0.06147272727272711,23.964666666666666,42.664,38.306666666666665,False,False,False,True,False
2025,7,Emilia Romagna Grand Prix,HAD,Racing Bulls,2,11.0,82.6573,2.2942916142267338,-0.4069151515151522,23.964666666666666,42.664,38.306666666666665,False,False,False,True,False
2025,7,Emilia Romagna Grand Prix,LAW,Racing Bulls,2,15.0,83.56389999999999,2.9152396680585655,-0.34310909090909025,23.964666666666666,42.664,38.306666666666665,False,False,False,True,False
2025,7,Emilia Romagna Grand Prix,TSU,Red Bull Racing,1,19.0,83.6317,4.01858927845194,-0.7056424242424241,23.964666666666666,42.664,38.306666666666665,False,True,False,False,False
2025,7,Emilia Romagna Grand Prix,VER,Red Bull Racing,2,1.0,81.39569999999999,0.5752466234388331,-0.09000606060606034,23.964666666666666,42.664,38.306666666666665,False,False,False,True,False
2025,7,Emilia Romagna Grand Prix,ALB,Williams,2,7.0,82.4647,1.765393443714777,-0.2739818181818183,23.964666666666666,42.664,38.306666666666665,False,False,False,True,False
2025,7,Emilia Romagna Grand Prix,SAI,Williams,2,6.0,82.4098,1.6389789368858776,-0.22147878787878822,23.964666666666666,42.664,38.306666666666665,False,False,False,True,False
2025,8,Monaco Grand Prix,COL,Alpine,2,15.0,80.55333333333334,0.4874467492284027,0.4580000000000055,22.209375,43.3175,52.51875,False,True,False,False,False
2025,8,Monaco Grand Prix,GAS,Alpine,1,18.0,78.72666666666667,0.6155983539072638,0.19899999999999807,22.209375,43.3175,52.51875,False,False,False,True,False
2025,8,Monaco Grand Prix,ALO,Aston Martin,1,6.0,80.52866666666667,0.37026657063976687,-0.35900000000000176,22.209375,43.3175,52.51875,False,True,False,False,False
2025,8,Monaco Grand Prix,STR,Aston Martin,2,16.0,80.59566666666667,0.5200099358025132,0.4555000000000006,22.209375,43.3175,52.51875,False,True,False,False,False
2025,8,Monaco Grand Prix,HAM,Ferrari,2,7.0,80.73766666666666,0.44842985330298474,-0.06300000000000239,22.209375,43.3175,52.51875,False,True,False,False,False
2025,8,Monaco Grand Prix,LEC,Ferrari,2,2.0,78.908,0.3192444204680746,-0.07249999999999801,22.209375,43.3175,52.51875,False,False,False,True,False
2025,8,Monaco Grand Prix,BEA,Haas F1 Team,2,19.0,75.163,0.3717916082968997,-0.25899999999999324,22.209375,43.3175,52.51875,False,False,False,True,False
2025,8,Monaco Grand Prix,OCO,Haas F1 Team,2,8.0,80.57233333333333,0.08342861219829187,-0.060499999999997556,22.209375,43.3175,52.51875,False,False,False,True,False
2025,8,Monaco Grand Prix,BOR,Kick Sauber,3,20.0,75.95733333333334,0.37859256904135596,-0.3365000000000009,22.209375,43.3175,52.51875,False,False,False,True,False
2025,8,Monaco Grand Prix,HUL,Kick Sauber,2,12.0,80.90433333333334,0.39908687441875923,0.3945000000000007,22.209375,43.3175,52.51875,False,False,False,True,False
2025,8,Monaco Grand Prix,NOR,McLaren,2,1.0,78.564,0.5668756477394312,0.21000000000000085,22.209375,43.3175,52.51875,False,False,False,True,False
2025,8,Monaco Grand Prix,PIA,McLaren,2,3.0,79.70066666666666,0.40154244275460654,-0.39350000000000307,22.209375,43.3175,52.51875,False,False,False,True,False
2025,8,Monaco Grand Prix,ANT,Mercedes,2,14.0,80.77600000000001,0.40883126103565376,0.40850000000000364,22.209375,43.3175,52.51875,False,True,False,False,False
2025,8,Monaco Grand Prix,RUS,Mercedes,2,13.0,80.84666666666666,0.32980196077848695,0.3190000000000026,22.209375,43.3175,52.51875,False,True,False,False,False
2025,8,Monaco Grand Prix,HAD,Racing Bulls,2,5.0,80.21633333333334,0.7018791443926301,-0.6989999999999981,22.209375,43.3175,52.51875,False,False,False,True,False
2025,8,Monaco Grand Prix,LAW,Racing Bulls,2,9.0,81.27166666666666,0.4382697038734622,0.37049999999999983,22.209375,43.3175,52.51875,False,False,False,True,False
2025,8,Monaco Grand Prix,TSU,Red Bull Racing,2,17.0,78.70033333333333,0.43919168176700407,0.24699999999999986,22.209375,43.3175,52.51875,False,False,False,False,True
2025,8,Monaco Grand Prix,VER,Red Bull Racing,2,4.0,79.92633333333333,0.918929993706445,-0.9159999999999967,22.209375,43.3175,52.51875,False,True,False,False,False
2025,8,Monaco Grand Prix,ALB,Williams,2,10.0,81.05933333333334,0.5193787956138886,0.41100000000000136,22.209375,43.3175,52.51875,False,False,False,True,False
2025,8,Monaco Grand Prix,SAI,Williams,2,11.0,81.071,0.49866922904867506,0.4984999999999999,22.209375,43.3175,52.51875,False,True,False,False,False
2025,9,Spanish Grand Prix,COL,Alpine,3,18.0,83.8591,3.0216616639046645,-0.5681272727272725,29.12,48.54322580645161,54.6258064516129,False,False,False,False,True
2025,9,Spanish Grand Prix,GAS,Alpine,3,8.0,82.96379999999999,2.123151682444443,-0.12716363636363584,29.12,48.54322580645161,54.6258064516129,False,False,False,False,True
2025,9,Spanish Grand Prix,ALO,Aston Martin,3,10.0,82.9574,2.091129689373131,-0.3857090909090905,29.12,48.54322580645161,54.6258064516129,False,False,False,False,True
2025,9,Spanish Grand Prix,HAM,Ferrari,3,4.0,81.9377,1.384650702042458,-0.042418181818181536,29.12,48.54322580645161,54.6258064516129,False,False,False,False,True
2025,9,Spanish Grand Prix,LEC,Ferrari,3,5.0,81.8066,1.6433819600648758,-0.20310303030303092,29.12,48.54322580645161,54.6258064516129,False,False,False,False,True
2025,9,Spanish Grand Prix,BEA,Haas F1 Team,3,15.0,85.0725,5.309185441812667,0.12148484848484857,29.12,48.54322580645161,54.6258064516129,False,False,False,False,True
2025,9,Spanish Grand Prix,OCO,Haas F1 Team,2,16.0,83.5692,2.7242926421366693,-0.5012363636363636,29.12,48.54322580645161,54.6258064516129,False,False,False,False,True
2025,9,Spanish Grand Prix,BOR,Kick Sauber,2,12.0,83.3109,2.172263870302644,-0.33946060606060574,29.12,48.54322580645161,54.6258064516129,False,False,False,False,True
2025,9,Spanish Grand Prix,HUL,Kick Sauber,3,11.0,84.8381,5.461022786784337,0.6881878787878788,29.12,48.54322580645161,54.6258064516129,False,False,False,False,True
2025,9,Spanish Grand Prix,NOR,McLaren,3,3.0,81.20270000000001,1.2187528279169473,-0.19393333333333287,29.12,48.54322580645161,54.6258064516129,False,False,False,False,True
2025,9,Spanish Grand Prix,PIA,McLaren,3,1.0,80.74520000000001,0.8261091937510455,-0.04664242424242441,29.12,48.54322580645161,54.6258064516129,False,False,False,False,True
2025,9,Spanish Grand Prix,ANT,Mercedes,2,7.0,82.2885,1.8070234118879354,-0.3034121212121209,29.12,48.54322580645161,54.6258064516129,False,False,False,False,True
2025,9,Spanish Grand Prix,RUS,Mercedes,3,6.0,82.08439999999999,1.6298874671447598,-0.20077575757575786,29.12,48.54322580645161,54.6258064516129,False,False,False,False,True
2025,9,Spanish Grand Prix,HAD,Racing Bulls,3,9.0,82.72470000000001,2.026458325365821,-0.35380000000000034,29.12,48.54322580645161,54.6258064516129,False,False,False,False,True
2025,9,Spanish Grand Prix,LAW,Racing Bulls,2,13.0,83.3961,2.3385380262035516,-0.37554545454545457,29.12,48.54322580645161,54.6258064516129,False,False,False,False,True
2025,9,Spanish Grand Prix,TSU,Red Bull Racing,4,19.0,85.66279999999999,5.998703096873894,0.04063030303030308,29.12,48.54322580645161,54.6258064516129,False,False,False,True,False
2025,9,Spanish Grand Prix,VER,Red Bull Racing,4,2.0,81.12440000000001,0.9612306001510067,-0.0833333333333329,29.12,48.54322580645161,54.6258064516129,False,False,False,False,True
2025,9,Spanish Grand Prix,ALB,Williams,2,14.0,85.7773,8.24323997857908,-0.1974969696969694,29.12,48.54322580645161,54.6258064516129,False,False,False,False,True
2025,9,Spanish Grand Prix,SAI,Williams,3,17.0,86.718,8.11572956944996,1.0318424242424244,29.12,48.54322580645161,54.6258064516129,False,False,False,False,True
2025,10,Canadian Grand Prix,COL,Alpine,4,10.0,78.70219999999999,3.577804596862906,-0.6710424242424249,24.036526946107784,49.25329341317365,27.976047904191617,True,False,False,True,False
2025,10,Canadian Grand Prix,GAS,Alpine,4,20.0,79.83170000000001,5.123915322615443,-1.0206606060606054,24.036526946107784,49.25329341317365,27.976047904191617,True,True,False,False,False
2025,10,Canadian Grand Prix,ALO,Aston Martin,6,6.0,77.77520000000001,2.6980433980530742,-0.4381939393939393,24.036526946107784,49.25329341317365,27.976047904191617,True,False,False,True,False
2025,10,Canadian Grand Prix,STR,Aston Martin,5,18.0,79.4481,4.3521346346106755,-0.9273030303030307,24.036526946107784,49.25329341317365,27.976047904191617,True,True,False,False,False
2025,10,Canadian Grand Prix,HAM,Ferrari,5,5.0,77.51750000000001,2.5367893640934724,-0.4856303030303027,24.036526946107784,49.25329341317365,27.976047904191617,True,False,False,True,False
2025,10,Canadian Grand Prix,LEC,Ferrari,5,8.0,78.2025,2.9003896002663727,-0.6044666666666672,24.036526946107784,49.25329341317365,27.976047904191617,True,True,False,False,False
2025,10,Canadian Grand Prix,BEA,Haas F1 Team,4,13.0,78.87,3.9174567430072975,-0.7727878787878779,24.036526946107784,49.25329341317365,27.976047904191617,True,False,False,True,False
2025,10,Canadian Grand Prix,OCO,Haas F1 Team,4,14.0,78.9442,3.982056777317194,-0.7997333333333339,24.036526946107784,49.25329341317365,27.976047904191617,True,True,False,False,False
2025,10,Canadian Grand Prix,BOR,Kick Sauber,4,15.0,79.01259999999999,4.127613144017578,-0.826387878787879,24.036526946107784,49.25329341317365,27.976047904191617,True,True,False,False,False
2025,10,Canadian Grand Prix,HUL,Kick Sauber,5,9.0,78.4837,3.3467272255477023,-0.6523454545454545,24.036526946107784,49.25329341317365,27.976047904191617,True,False,False,True,False
2025,10,Canadian Grand Prix,NOR,McLaren,2,7.0,77.8037,2.8123889825002677,-0.5655454545454551,24.036526946107784,49.25329341317365,27.976047904191617,True,True,False,False,False
2025,10,Canadian Grand Prix,PIA,McLaren,5,4.0,77.36319999999999,2.3377969591524,-0.43723636363636326,24.036526946107784,49.25329341317365,27.976047904191617,True,False,False,True,False
2025,10,Canadian Grand Prix,ANT,Mercedes,5,3.0,77.1215,2.1877205412635927,-0.38940000000000047,24.036526946107784,49.25329341317365,27.976047904191617,True,False,False,True,False
2025,10,Canadian Grand Prix,RUS,Mercedes,5,1.0,76.82629999999999,1.7853606576201293,-0.2694484848484852,24.036526946107784,49.25329341317365,27.976047904191617,True,False,False,True,False
2025,10,Canadian Grand Prix,HAD,Racing Bulls,4,11.0,78.76180000000001,3.706470702253922,-0.6903515151515149,24.036526946107784,49.25329341317365,27.976047904191617,True,False,False,True,False
2025,10,Canadian Grand Prix,LAW,Racing Bulls,1,19.0,79.6072,4.853478312852889,-0.9837333333333336,24.036526946107784,49.25329341317365,27.976047904191617,True,True,False,False,False
2025,10,Canadian Grand Prix,TSU,Red Bull Racing,4,17.0,79.189,4.35045052583957,-0.9160727272727287,24.036526946107784,49.25329341317365,27.976047904191617,True,True,False,False,False
2025,10,Canadian Grand Prix,VER,Red Bull Racing,5,2.0,77.01000000000002,1.971519211166863,-0.27289696969696975,24.036526946107784,49.25329341317365,27.976047904191617,True,False,False,True,False
2025,10,Canadian Grand Prix,ALB,Williams,1,12.0,78.80850000000001,3.76473499878957,-0.7415939393939394,24.036526946107784,49.25329341317365,27.976047904191617,True,False,False,True,False
2025,10,Canadian Grand Prix,SAI,Williams,4,16.0,79.0932,4.229832851964194,-0.8597575757575752,24.036526946107784,49.25329341317365,27.976047904191617,True,True,False,False,False
2025,11,Austrian Grand Prix,COL,Alpine,2,11.0,71.532,0.6299973544917994,-0.22996428571428545,30.347826086956523,49.166459627329196,31.981366459627328,False,False,False,False,True
2025,11,Austrian Grand Prix,GAS,Alpine,2,6.0,71.33099999999999,0.5263500102909977,0.05232142857143021,30.347826086956523,49.166459627329196,31.981366459627328,False,False,False,False,True
2025,11,Austrian Grand Prix,ALO,Aston Martin,1,10.0,71.36728571428571,0.5525226131980797,-0.14467857142857046,30.347826086956523,49.166459627329196,31.981366459627328,False,False,False,True,False
2025,11,Austrian Grand Prix,STR,Aston Martin,2,13.0,71.50585714285714,0.6131607805927751,-0.22510714285714173,30.347826086956523,49.166459627329196,31.981366459627328,False,False,False,True,False
2025,11,Austrian Grand Prix,HAM,Ferrari,2,4.0,70.71771428571428,0.47750906249191233,-0.02414285714285721,30.347826086956523,49.166459627329196,31.981366459627328,False,False,False,True,False
2025,11,Austrian Grand Prix,LEC,Ferrari,2,3.0,70.23842857142857,0.32578103952545384,-0.11085714285714232,30.347826086956523,49.166459627329196,31.981366459627328,False,False,False,True,False
2025,11,Austrian Grand Prix,BEA,Haas F1 Team,2,12.0,71.38742857142857,0.6056957038928747,-0.16282142857142848,30.347826086956523,49.166459627329196,31.981366459627328,False,False,False,False,True
2025,11,Austrian Grand Prix,OCO,Haas F1 Team,2,14.0,71.54742857142857,0.5539945418331779,-0.2132142857142867,30.347826086956523,49.166459627329196,31.981366459627328,False,False,False,True,False
2025,11,Austrian Grand Prix,BOR,Kick Sauber,2,8.0,71.27157142857143,0.4186704579749493,-0.07807142857142983,30.347826086956523,49.166459627329196,31.981366459627328,False,False,False,True,False
2025,11,Austrian Grand Prix,HUL,Kick Sauber,2,17.0,71.56885714285714,0.5138493386754003,-0.22028571428571603,30.347826086956523,49.166459627329196,31.981366459627328,False,False,False,False,True
2025,11,Austrian Grand Prix,NOR,McLaren,2,1.0,69.67414285714285,0.35039331641810306,-0.06114285714285776,30.347826086956523,49.166459627329196,31.981366459627328,False,False,False,True,False
2025,11,Austrian Grand Prix,PIA,McLaren,2,2.0,69.68900000000001,0.4473317188247079,-0.11614285714285696,30.347826086956523,49.166459627329196,31.981366459627328,False,False,False,True,False
2025,11,Austrian Grand Prix,RUS,Mercedes,2,5.0,70.946,0.38228087405292543,-0.0570357142857156,30.347826086956523,49.166459627329196,31.981366459627328,False,False,False,True,False
2025,11,Austrian Grand Prix,HAD,Racing Bulls,2,16.0,71.63585714285713,0.5178289384766069,-0.19357142857142812,30.347826086956523,49.166459627329196,31.981366459627328,False,False,False,False,True
2025,11,Austrian Grand Prix,LAW,Racing Bulls,1,9.0,71.33342857142858,0.4903810957282266,-0.13174999999999873,30.347826086956523,49.166459627329196,31.981366459627328,False,False,False,True,False
2025,11,Austrian Grand Prix,TSU,Red Bull Racing,3,15.0,71.5837142857143,0.5345558013546422,-0.19896428571428512,30.347826086956523,49.166459627329196,31.981366459627328,False,False,False,True,False
2025,11,Austrian Grand Prix,ALB,Williams,1,7.0,71.13142857142857,0.4439789248537405,-0.09989285714285652,30.347826086956523,49.166459627329196,31.981366459627328,False,False,False,True,False
2025,12,British Grand Prix,GAS,Alpine,2,5.0,107.66600000000001,1.4577163647294378,1.4350000000000023,17.91741935483871,23.578709677419354,78.3741935483871,True,False,True,False,False
2025,12,British Grand Prix,ALO,Aston Martin,2,6.0,107.64666666666666,1.2672862081366318,1.2654999999999959,17.91741935483871,23.578709677419354,78.3741935483871,True,False,True,False,False
2025,12,British Grand Prix,STR,Aston Martin,3,12.0,102.99099999999999,2.125249867662627,-1.322499999999998,17.91741935483871,23.578709677419354,78.3741935483871,True,False,True,False,False
2025,12,British Grand Prix,HAM,Ferrari,2,4.0,107.46433333333334,1.1837551830227968,1.0700000000000003,17.91741935483871,23.578709677419354,78.3741935483871,True,False,True,False,False
2025,12,British Grand Prix,LEC,Ferrari,2,15.0,101.92099999999999,2.4694252367706966,-2.3190000000000026,17.91741935483871,23.578709677419354,78.3741935483871,True,False,False,True,False
2025,12,British Grand Prix,BEA,Haas F1 Team,2,18.0,103.21666666666665,0.7900356532039121,-0.4014999999999986,17.91741935483871,23.578709677419354,78.3741935483871,True,True,False,False,False
2025,12,British Grand Prix,OCO,Haas F1 Team,2,13.0,108.80799999999999,1.3278700990684251,1.2384999999999948,17.91741935483871,23.578709677419354,78.3741935483871,True,False,True,False,False
2025,12,British Grand Prix,HUL,Kick Sauber,2,11.0,112.356,10.67073816565658,9.0775,17.91741935483871,23.578709677419354,78.3741935483871,True,False,True,False,False
2025,12,British Grand Prix,NOR,McLaren,2,3.0,105.44033333333334,0.5118372137050343,0.4939999999999997,17.91741935483871,23.578709677419354,78.3741935483871,True,False,True,False,False
2025,12,British Grand Prix,PIA,McLaren,2,2.0,104.48466666666667,0.3681607438787186,0.35949999999999704,17.91741935483871,23.578709677419354,78.3741935483871,True,False,True,False,False
2025,12,British Grand Prix,ANT,Mercedes,3,8.0,110.29699999999998,13.93478535894974,10.201500000000003,17.91741935483871,23.578709677419354,78.3741935483871,True,False,True,False,False
2025,12,British Grand Prix,RUS,Mercedes,2,14.0,101.73566666666666,0.5998544267848089,0.5649999999999977,17.91741935483871,23.578709677419354,78.3741935483871,True,True,False,False,False
2025,12,British Grand Prix,HAD,Racing Bulls,1,16.0,102.71833333333332,1.027272764816305,-0.5339999999999989,17.91741935483871,23.578709677419354,78.3741935483871,True,False,False,True,False
2025,12,British Grand Prix,TSU,Red Bull Racing,2,10.0,108.67999999999999,1.587378026810252,1.5630000000000024,17.91741935483871,23.578709677419354,78.3741935483871,True,False,True,False,False
2025,12,British Grand Prix,VER,Red Bull Racing,2,1.0,106.19733333333333,0.31908828454415533,0.2989999999999995,17.91741935483871,23.578709677419354,78.3741935483871,True,False,True,False,False
2025,12,British Grand Prix,ALB,Williams,2,9.0,108.20066666666668,1.4854768033642762,1.3610000000000042,17.91741935483871,23.578709677419354,78.3741935483871,True,False,True,False,False
2025,12,British Grand Prix,SAI,Williams,2,7.0,107.52566666666667,1.1796767918940063,1.152000000000001,17.91741935483871,23.578709677419354,78.3741935483871,True,False,True,False,False
2025,13,Belgian Grand Prix,COL,Alpine,2,15.0,124.15683333333334,1.2784444323734439,0.4911714285714274,17.03004484304933,24.090134529147985,84.4439461883408,True,False,True,False,False
2025,13,Belgian Grand Prix,GAS,Alpine,1,13.0,124.05033333333331,1.7976010310040078,0.6644000000000002,17.03004484304933,24.090134529147985,84.4439461883408,True,False,True,False,False
2025,13,Belgian Grand Prix,ALO,Aston Martin,2,20.0,123.947,1.246148787264183,0.6342285714285708,17.03004484304933,24.090134529147985,84.4439461883408,True,False,True,False,False
2025,13,Belgian Grand Prix,STR,Aston Martin,1,16.0,124.4775,1.2852974363936167,0.5346000000000012,17.03004484304933,24.090134529147985,84.4439461883408,True,False,True,False,False
2025,13,Belgian Grand Prix,HAM,Ferrari,1,18.0,122.94733333333333,1.0369630015900564,0.14857142857142744,17.03004484304933,24.090134529147985,84.4439461883408,True,False,True,False,False
2025,13,Belgian Grand Prix,LEC,Ferrari,1,3.0,121.81616666666666,1.762636935578812,0.8770000000000002,17.03004484304933,24.090134529147985,84.4439461883408,True,False,True,False,False
2025,13,Belgian Grand Prix,BEA,Haas F1 Team,1,12.0,123.3865,1.338488513211824,0.3903142857142837,17.03004484304933,24.090134529147985,84.4439461883408,True,False,True,False,False
2025,13,Belgian Grand Prix,OCO,Haas F1 Team,1,11.0,123.41716666666666,1.5007168176130585,0.47962857142857157,17.03004484304933,24.090134529147985,84.4439461883408,True,False,True,False,False
2025,13,Belgian Grand Prix,BOR,Kick Sauber,1,10.0,122.948,1.4580844968656632,0.4467999999999981,17.03004484304933,24.090134529147985,84.4439461883408,True,False,True,False,False
2025,13,Belgian Grand Prix,HUL,Kick Sauber,2,14.0,124.10933333333334,1.6074484958052817,0.6855999999999991,17.03004484304933,24.090134529147985,84.4439461883408,True,False,True,False,False
2025,13,Belgian Grand Prix,NOR,McLaren,1,1.0,120.73933333333332,1.181341045873996,0.5025142857142855,17.03004484304933,24.090134529147985,84.4439461883408,True,False,True,False,False
2025,13,Belgian Grand Prix,PIA,McLaren,1,2.0,120.36650000000002,1.2226199327673344,0.6424285714285719,17.03004484304933,24.090134529147985,84.4439461883408,True,False,True,False,False
2025,13,Belgian Grand Prix,ANT,Mercedes,2,19.0,123.92883333333333,1.3958222546824013,0.6104857142857141,17.03004484304933,24.090134529147985,84.4439461883408,True,False,True,False,False
2025,13,Belgian Grand Prix,RUS,Mercedes,1,6.0,122.058,1.7818975279179177,0.7923428571428559,17.03004484304933,24.090134529147985,84.4439461883408,True,False,True,False,False
2025,13,Belgian Grand Prix,HAD,Racing Bulls,2,8.0,122.80966666666667,1.3049063823380858,0.5681714285714289,17.03004484304933,24.090134529147985,84.4439461883408,True,False,True,False,False
2025,13,Belgian Grand Prix,LAW,Racing Bulls,1,9.0,122.8635,1.2950582612376955,0.538428571428573,17.03004484304933,24.090134529147985,84.4439461883408,True,False,True,False,False
2025,13,Belgian Grand Prix,TSU,Red Bull Racing,1,7.0,122.54616666666665,1.5142946102613826,0.6265428571428584,17.03004484304933,24.090134529147985,84.4439461883408,True,False,True,False,False
2025,13,Belgian Grand Prix,VER,Red Bull Racing,1,4.0,121.81016666666666,1.6084798309791346,0.7907714285714283,17.03004484304933,24.090134529147985,84.4439461883408,True,False,True,False,False
2025,13,Belgian Grand Prix,ALB,Williams,1,5.0,122.42883333333334,1.1814928551060595,0.5835714285714285,17.03004484304933,24.090134529147985,84.4439461883408,True,False,True,False,False
2025,13,Belgian Grand Prix,SAI,Williams,2,17.0,124.024,1.2934331061172042,0.6227999999999988,17.03004484304933,24.090134529147985,84.4439461883408,True,False,True,False,False
2025,14,Hungarian Grand Prix,COL,Alpine,2,18.0,85.33970000000001,4.124314274316803,-0.8326121212121216,22.082165605095543,32.72993630573249,57.24203821656051,False,False,False,True,False
2025,14,Hungarian Grand Prix,GAS,Alpine,1,19.0,85.2483,4.239817397797533,-0.8575696969696968,22.082165605095543,32.72993630573249,57.24203821656051,False,True,False,False,False
2025,14,Hungarian Grand Prix,ALO,Aston Martin,1,4.0,84.23749999999998,1.9380329231236275,-0.45118181818181785,22.082165605095543,32.72993630573249,57.24203821656051,False,False,False,True,False
2025,14,Hungarian Grand Prix,STR,Aston Martin,1,7.0,84.5261,2.4600346180942703,-0.5393999999999997,22.082165605095543,32.72993630573249,57.24203821656051,False,False,False,True,False
2025,14,Hungarian Grand Prix,HAM,Ferrari,1,14.0,84.9969,3.5453389259702663,-0.7355212121212125,22.082165605095543,32.72993630573249,57.24203821656051,False,True,False,False,False
2025,14,Hungarian Grand Prix,LEC,Ferrari,2,1.0,82.7223,1.6740079018796656,-0.3668545454545455,22.082165605095543,32.72993630573249,57.24203821656051,False,False,False,True,False
2025,14,Hungarian Grand Prix,BEA,Haas F1 Team,1,10.0,84.70490000000001,2.9280629338257835,-0.6184787878787884,22.082165605095543,32.72993630573249,57.24203821656051,False,False,False,True,False
2025,14,Hungarian Grand Prix,OCO,Haas F1 Team,1,15.0,85.0832,3.661534796593728,-0.7577454545454544,22.082165605095543,32.72993630573249,57.24203821656051,False,False,False,True,False
2025,14,Hungarian Grand Prix,BOR,Kick Sauber,1,6.0,84.3221,2.2991484148121746,-0.49821212121212105,22.082165605095543,32.72993630573249,57.24203821656051,False,False,False,True,False
2025,14,Hungarian Grand Prix,HUL,Kick Sauber,2,17.0,86.48170000000002,6.451035593866564,-0.9086727272727274,22.082165605095543,32.72993630573249,57.24203821656051,False,False,False,False,True
2025,14,Hungarian Grand Prix,NOR,McLaren,1,5.0,83.2875,2.4978550909841757,-0.5914969696969701,22.082165605095543,32.72993630573249,57.24203821656051,False,False,False,True,False
2025,14,Hungarian Grand Prix,PIA,McLaren,2,2.0,82.9847,1.8499558583322397,-0.45495151515151555,22.082165605095543,32.72993630573249,57.24203821656051,False,False,False,True,False
2025,14,Hungarian Grand Prix,ANT,Mercedes,1,13.0,84.9227,3.376781671289332,-0.708406060606061,22.082165605095543,32.72993630573249,57.24203821656051,False,False,False,True,False
2025,14,Hungarian Grand Prix,RUS,Mercedes,2,3.0,83.2258,1.9500367973736041,-0.47985454545454487,22.082165605095543,32.72993630573249,57.24203821656051,False,False,False,True,False
2025,14,Hungarian Grand Prix,HAD,Racing Bulls,1,11.0,84.7698,3.1071033956260803,-0.6625212121212123,22.082165605095543,32.72993630573249,57.24203821656051,False,False,False,True,False
2025,14,Hungarian Grand Prix,LAW,Racing Bulls,1,8.0,84.60679999999999,2.62608689879067,-0.5873575757575762,22.082165605095543,32.72993630573249,57.24203821656051,False,False,False,True,False
2025,14,Hungarian Grand Prix,TSU,Red Bull Racing,2,20.0,85.443,4.360527541988978,-0.882448484848484,22.082165605095543,32.72993630573249,57.24203821656051,False,False,False,True,False
2025,14,Hungarian Grand Prix,VER,Red Bull Racing,2,9.0,84.4328,2.8009393186334224,-0.5490909090909089,22.082165605095543,32.72993630573249,57.24203821656051,False,False,False,True,False
2025,14,Hungarian Grand Prix,ALB,Williams,2,16.0,85.1622,3.8367684261049106,-0.7788,22.082165605095543,32.72993630573249,57.24203821656051,False,False,False,False,True
2025,14,Hungarian Grand Prix,SAI,Williams,2,12.0,84.8599,3.235121788880425,-0.6775939393939393,22.082165605095543,32.72993630573249,57.24203821656051,False,False,False,False,True
2025,15,Dutch Grand Prix,COL,Alpine,3,15.0,77.89739999999999,3.131257688391536,-0.5755151515151511,20.077358490566038,27.963522012578615,71.17610062893081,False,False,False,False,True
2025,15,Dutch Grand Prix,GAS,Alpine,1,14.0,77.98049999999998,2.9751437406918324,-0.5597393939393943,20.077358490566038,27.963522012578615,71.17610062893081,False,False,False,True,False
2025,15,Dutch Grand Prix,ALO,Aston Martin,2,13.0,77.80959999999999,2.8606068198509536,-0.5323515151515155,20.077358490566038,27.963522012578615,71.17610062893081,False,False,False,True,False
2025,15,Dutch Grand Prix,STR,Aston Martin,2,19.0,79.7883,5.505442621220892,-0.0473151515151511,20.077358490566038,27.963522012578615,71.17610062893081,False,False,False,True,False
2025,15,Dutch Grand Prix,HAM,Ferrari,0,7.0,76.8856,2.1867938072794075,-0.4431030303030301,20.077358490566038,27.963522012578615,71.17610062893081,False,False,False,True,False
2025,15,Dutch Grand Prix,LEC,Ferrari,1,5.0,76.5981,1.8541979667770094,-0.41686666666666594,20.077358490566038,27.963522012578615,71.17610062893081,False,False,False,True,False
2025,15,Dutch Grand Prix,BEA,Haas F1 Team,1,20.0,78.3888,4.581337621263029,-0.8154787878787872,20.077358490566038,27.963522012578615,71.17610062893081,False,True,False,False,False
2025,15,Dutch Grand Prix,OCO,Haas F1 Team,1,16.0,78.1581,3.1928413138700695,-0.6062363636363639,20.077358490566038,27.963522012578615,71.17610062893081,False,True,False,False,False
2025,15,Dutch Grand Prix,BOR,Kick Sauber,2,18.0,78.2721,3.357069768910578,-0.6735212121212114,20.077358490566038,27.963522012578615,71.17610062893081,False,False,False,True,False
2025,15,Dutch Grand Prix,HUL,Kick Sauber,2,17.0,78.06490000000001,3.3120727129028342,-0.5989030303030299,20.077358490566038,27.963522012578615,71.17610062893081,False,False,False,False,True
2025,15,Dutch Grand Prix,NOR,McLaren,2,3.0,76.10490000000001,1.721076888333449,-0.4361151515151513,20.077358490566038,27.963522012578615,71.17610062893081,False,False,False,True,False
2025,15,Dutch Grand Prix,PIA,McLaren,2,1.0,75.68029999999999,1.0609165900819493,-0.24125454545454506,20.077358490566038,27.963522012578615,71.17610062893081,False,False,False,True,False
2025,15,Dutch Grand Prix,ANT,Mercedes,3,12.0,77.70989999999999,2.7363657751761847,-0.5176181818181823,20.077358490566038,27.963522012578615,71.17610062893081,False,False,False,True,False
2025,15,Dutch Grand Prix,RUS,Mercedes,2,6.0,76.8221,1.9736689157224157,-0.4008545454545456,20.077358490566038,27.963522012578615,71.17610062893081,False,False,False,True,False
2025,15,Dutch Grand Prix,HAD,Racing Bulls,2,4.0,76.54560000000001,1.7778086511208133,-0.3782545454545458,20.077358490566038,27.963522012578615,71.17610062893081,False,False,False,True,False
2025,15,Dutch Grand Prix,LAW,Racing Bulls,3,8.0,77.1317,2.2602464491977665,-0.44160606060606067,20.077358490566038,27.963522012578615,71.17610062893081,False,False,False,True,False
2025,15,Dutch Grand Prix,TSU,Red Bull Racing,2,11.0,77.68469999999999,2.533296361572321,-0.46718181818181864,20.077358490566038,27.963522012578615,71.17610062893081,False,False,False,False,True
2025,15,Dutch Grand Prix,VER,Red Bull Racing,2,2.0,76.334,1.2116656121040823,-0.21174545454545554,20.077358490566038,27.963522012578615,71.17610062893081,False,False,False,False,True
2025,15,Dutch Grand Prix,ALB,Williams,2,10.0,77.54589999999999,2.462674131463152,-0.47148484848484834,20.077358490566038,27.963522012578615,71.17610062893081,False,False,False,True,False
2025,15,Dutch Grand Prix,SAI,Williams,4,9.0,77.2998,2.4111740247808267,-0.4883151515151516,20.077358490566038,27.963522012578615,71.17610062893081,False,False,False,True,False
2025,16,Italian Grand Prix,COL,Alpine,1,17.0,86.09060000000001,2.9517481524607687,-0.6165575757575767,26.76111111111111,43.28819444444444,42.604166666666664,False,False,False,True,False
2025,16,Italian Grand Prix,GAS,Alpine,1,19.0,86.34009999999998,3.334831711562736,-0.7048303030303031,26.76111111111111,43.28819444444444,42.604166666666664,False,True,False,False,False
2025,16,Italian Grand Prix,ALO,Aston Martin,1,6.0,85.3498,1.591025301845042,-0.372,26.76111111111111,43.28819444444444,42.604166666666664,False,False,False,True,False
2025,16,Italian Grand Prix,STR,Aston Martin,1,16.0,85.87060000000001,2.898235677864113,-0.6311393939393944,26.76111111111111,43.28819444444444,42.604166666666664,False,True,False,False,False
2025,16,Italian Grand Prix,HAM,Ferrari,1,8.0,85.076,2.0015783216696197,-0.46835151515151463,26.76111111111111,43.28819444444444,42.604166666666664,False,False,False,True,False
2025,16,Italian Grand Prix,LEC,Ferrari,1,4.0,84.8454,1.278941767417283,-0.3090787878787878,26.76111111111111,43.28819444444444,42.604166666666664,False,False,False,True,False
2025,16,Italian Grand Prix,BEA,Haas F1 Team,1,11.0,85.5637,2.2657882636194313,-0.4846727272727276,26.76111111111111,43.28819444444444,42.604166666666664,False,False,False,True,False
2025,16,Italian Grand Prix,OCO,Haas F1 Team,1,14.0,85.7587,2.646594291621676,-0.5555575757575765,26.76111111111111,43.28819444444444,42.604166666666664,False,True,False,False,False
2025,16,Italian Grand Prix,BOR,Kick Sauber,1,7.0,85.2719,1.739600940829056,-0.33571515151515163,26.76111111111111,43.28819444444444,42.604166666666664,False,False,False,True,False
2025,16,Italian Grand Prix,NOR,McLaren,1,2.0,84.1886,1.2169325919430947,-0.2665696969696975,26.76111111111111,43.28819444444444,42.604166666666664,False,False,False,True,False
2025,16,Italian Grand Prix,PIA,McLaren,1,3.0,84.63050000000001,1.3870919419979193,-0.3897151515151519,26.76111111111111,43.28819444444444,42.604166666666664,False,False,False,True,False
2025,16,Italian Grand Prix,ANT,Mercedes,1,10.0,85.5207,2.199672301351577,-0.46150909090909137,26.76111111111111,43.28819444444444,42.604166666666664,False,False,False,True,False
2025,16,Italian Grand Prix,RUS,Mercedes,1,5.0,84.9111,1.4920605029436458,-0.35553333333333387,26.76111111111111,43.28819444444444,42.604166666666664,False,False,False,True,False
2025,16,Italian Grand Prix,HAD,Racing Bulls,1,18.0,86.14710000000001,3.1463927652684003,-0.6580303030303031,26.76111111111111,43.28819444444444,42.604166666666664,False,True,False,False,False
2025,16,Italian Grand Prix,LAW,Racing Bulls,1,15.0,88.3182,6.5456423978094005,0.7238666666666661,26.76111111111111,43.28819444444444,42.604166666666664,False,False,False,False,True
2025,16,Italian Grand Prix,TSU,Red Bull Racing,1,9.0,85.46029999999999,2.077047372808068,-0.4418242424242425,26.76111111111111,43.28819444444444,42.604166666666664,False,False,False,True,False
2025,16,Italian Grand Prix,VER,Red Bull Racing,1,1.0,83.8594,1.2696960441162484,-0.30713939393939454,26.76111111111111,43.28819444444444,42.604166666666664,False,False,False,True,False
2025,16,Italian Grand Prix,ALB,Williams,1,13.0,85.7008,2.5488033706471396,-0.5378181818181815,26.76111111111111,43.28819444444444,42.604166666666664,False,True,False,False,False
2025,16,Italian Grand Prix,SAI,Williams,1,12.0,85.6353,2.419422752549783,-0.5169636363636368,26.76111111111111,43.28819444444444,42.604166666666664,False,False,False,True,False
2025,17,Azerbaijan Grand Prix,COL,Alpine,1,14.0,109.1806,2.1299688495374745,-0.8783604651162787,20.551923076923078,26.10705128205128,59.833333333333336,False,False,False,True,False
2025,17,Azerbaijan Grand Prix,GAS,Alpine,1,16.0,109.52759999999998,2.815988245714103,-1.2049302325581397,20.551923076923078,26.10705128205128,59.833333333333336,False,True,False,False,False
2025,17,Azerbaijan Grand Prix,ALO,Aston Martin,1,11.0,108.94479999999999,2.1916953939815595,-1.0046162790697661,20.551923076923078,26.10705128205128,59.833333333333336,False,False,False,True,False
2025,17,Azerbaijan Grand Prix,STR,Aston Martin,1,13.0,109.3584,2.35276312024819,-1.013558139534884,20.551923076923078,26.10705128205128,59.833333333333336,False,False,False,True,False
2025,17,Azerbaijan Grand Prix,HAM,Ferrari,1,10.0,108.20340000000002,2.1248294755109174,-0.924023255813954,20.551923076923078,26.10705128205128,59.833333333333336,False,True,False,False,False
2025,17,Azerbaijan Grand Prix,LEC,Ferrari,1,9.0,107.97920000000002,1.8293626485746364,-0.6667790697674426,20.551923076923078,26.10705128205128,59.833333333333336,False,False,False,True,False
2025,17,Azerbaijan Grand Prix,BEA,Haas F1 Team,1,15.0,109.6626,3.0925295956546677,-1.322546511627909,20.551923076923078,26.10705128205128,59.833333333333336,False,True,False,False,False
2025,17,Azerbaijan Grand Prix,OCO,Haas F1 Team,2,18.0,109.7462,3.0044409962587046,-1.293058139534883,20.551923076923078,26.10705128205128,59.833333333333336,False,True,False,False,False
2025,17,Azerbaijan Grand Prix,BOR,Kick Sauber,1,12.0,108.8362,2.4841455673933437,-1.1060232558139533,20.551923076923078,26.10705128205128,59.833333333333336,False,True,False,False,False
2025,17,Azerbaijan Grand Prix,HUL,Kick Sauber,1,17.0,109.28040000000001,2.4438770018149443,-1.075360465116279,20.551923076923078,26.10705128205128,59.833333333333336,False,True,False,False,False
2025,17,Azerbaijan Grand Prix,NOR,McLaren,1,8.0,108.15720000000002,1.952352862573771,-0.736313953488372,20.551923076923078,26.10705128205128,59.833333333333336,False,False,False,True,False
2025,17,Azerbaijan Grand Prix,ANT,Mercedes,1,4.0,107.5358,1.1978018200019547,-0.42659302325581266,20.551923076923078,26.10705128205128,59.833333333333336,False,False,False,True,False
2025,17,Azerbaijan Grand Prix,RUS,Mercedes,1,5.0,107.74459999999999,1.8374411010968466,-0.637604651162791,20.551923076923078,26.10705128205128,59.833333333333336,False,True,False,False,False
2025,17,Azerbaijan Grand Prix,HAD,Racing Bulls,1,7.0,108.87359999999998,2.293151826635128,-0.9787674418604668,20.551923076923078,26.10705128205128,59.833333333333336,False,False,False,True,False
2025,17,Azerbaijan Grand Prix,LAW,Racing Bulls,1,3.0,107.34079999999999,0.9371391038687901,-0.3381627906976735,20.551923076923078,26.10705128205128,59.833333333333336,False,False,False,True,False
2025,17,Azerbaijan Grand Prix,TSU,Red Bull Racing,1,6.0,108.03339999999999,1.423526536457962,-0.360476744186047,20.551923076923078,26.10705128205128,59.833333333333336,False,True,False,False,False
2025,17,Azerbaijan Grand Prix,VER,Red Bull Racing,1,1.0,106.6926,0.6706953854023455,-0.29731395348837203,20.551923076923078,26.10705128205128,59.833333333333336,False,True,False,False,False
2025,17,Azerbaijan Grand Prix,ALB,Williams,2,19.0,109.6226,2.824624983958045,-1.1821976744186045,20.551923076923078,26.10705128205128,59.833333333333336,False,False,False,True,False
2025,17,Azerbaijan Grand Prix,SAI,Williams,1,2.0,107.1748,0.8425750411684404,-0.3239186046511617,20.551923076923078,26.10705128205128,59.833333333333336,False,False,False,True,False
2025,18,Singapore Grand Prix,COL,Alpine,1,13.0,100.86866666666668,4.453337652817268,-0.9222624999999999,29.072049689440995,33.85217391304348,74.36024844720497,True,False,False,False,True
2025,18,Singapore Grand Prix,GAS,Alpine,2,19.0,101.82855555555557,5.524173402218449,-1.0498833333333324,29.072049689440995,33.85217391304348,74.36024844720497,True,False,False,True,False
2025,18,Singapore Grand Prix,ALO,Aston Martin,1,9.0,100.2188888888889,3.8517095699326935,-0.7983708333333328,29.072049689440995,33.85217391304348,74.36024844720497,True,False,False,False,True
2025,18,Singapore Grand Prix,STR,Aston Martin,1,14.0,101.01755555555555,4.862914355381737,-0.9616208333333325,29.072049689440995,33.85217391304348,74.36024844720497,True,False,False,False,True
2025,18,Singapore Grand Prix,HAM,Ferrari,2,7.0,99.669,3.552866940936571,-0.7920624999999992,29.072049689440995,33.85217391304348,74.36024844720497,True,False,False,True,False
2025,18,Singapore Grand Prix,LEC,Ferrari,1,5.0,99.35244444444444,3.292767647098374,-0.7551791666666662,29.072049689440995,33.85217391304348,74.36024844720497,True,False,False,True,False
2025,18,Singapore Grand Prix,BEA,Haas F1 Team,1,10.0,100.42044444444444,3.968534147235952,-0.8439916666666664,29.072049689440995,33.85217391304348,74.36024844720497,True,False,False,True,False
2025,18,Singapore Grand Prix,OCO,Haas F1 Team,1,17.0,101.33066666666666,5.348483546763511,-1.0188625000000004,29.072049689440995,33.85217391304348,74.36024844720497,True,False,False,True,False
2025,18,Singapore Grand Prix,BOR,Kick Sauber,1,15.0,101.21266666666668,4.87299874307392,-0.9576375000000005,29.072049689440995,33.85217391304348,74.36024844720497,True,False,False,True,False
2025,18,Singapore Grand Prix,HUL,Kick Sauber,2,11.0,100.65466666666666,4.157887985504178,-0.8688374999999999,29.072049689440995,33.85217391304348,74.36024844720497,True,False,False,True,False
2025,18,Singapore Grand Prix,NOR,McLaren,1,3.0,98.80533333333334,2.6721631218920763,-0.622825,29.072049689440995,33.85217391304348,74.36024844720497,True,False,False,True,False
2025,18,Singapore Grand Prix,PIA,McLaren,1,4.0,99.18722222222223,3.074882509047205,-0.6950958333333329,29.072049689440995,33.85217391304348,74.36024844720497,True,False,False,True,False
2025,18,Singapore Grand Prix,ANT,Mercedes,1,6.0,99.52522222222223,3.3500415959274936,-0.7495208333333326,29.072049689440995,33.85217391304348,74.36024844720497,True,False,False,True,False
2025,18,Singapore Grand Prix,RUS,Mercedes,1,1.0,98.08255555555554,2.332046049669213,-0.5488333333333328,29.072049689440995,33.85217391304348,74.36024844720497,True,False,False,True,False
2025,18,Singapore Grand Prix,HAD,Racing Bulls,1,8.0,100.34933333333333,3.5612557827260876,-0.7949749999999997,29.072049689440995,33.85217391304348,74.36024844720497,True,False,False,False,True
2025,18,Singapore Grand Prix,LAW,Racing Bulls,1,12.0,100.72155555555555,4.3239011063827295,-0.9034333333333336,29.072049689440995,33.85217391304348,74.36024844720497,True,False,False,True,False
2025,18,Singapore Grand Prix,TSU,Red Bull Racing,1,16.0,101.41133333333335,5.258886597940671,-1.045875,29.072049689440995,33.85217391304348,74.36024844720497,True,False,False,False,True
2025,18,Singapore Grand Prix,VER,Red Bull Racing,1,2.0,98.61255555555555,2.4974331377992436,-0.5741208333333325,29.072049689440995,33.85217391304348,74.36024844720497,True,False,False,False,True
2025,18,Singapore Grand Prix,ALB,Williams,1,20.0,101.86822222222223,5.683307570811601,-1.1205583333333327,29.072049689440995,33.85217391304348,74.36024844720497,True,False,False,True,False
2025,18,Singapore Grand Prix,SAI,Williams,1,18.0,101.59355555555555,5.519704183901325,-1.0938958333333333,29.072049689440995,33.85217391304348,74.36024844720497,True,False,False,True,False
2025,19,United States Grand Prix,COL,Alpine,1,17.0,101.70783333333334,0.9581038391879354,-0.2695981308411209,28.267532467532465,45.04480519480519,22.532467532467532,False,False,False,True,False
2025,19,United States Grand Prix,GAS,Alpine,1,14.0,101.6735,0.7708451854944663,-0.19784112149532657,28.267532467532465,45.04480519480519,22.532467532467532,False,False,False,True,False
2025,19,United States Grand Prix,ALO,Aston Martin,1,12.0,101.34816666666667,0.7067790083658876,-0.1954672897196265,28.267532467532465,45.04480519480519,22.532467532467532,False,False,False,True,False
2025,19,United States Grand Prix,STR,Aston Martin,1,18.0,101.71466666666667,1.1676139202093592,-0.3120934579439252,28.267532467532465,45.04480519480519,22.532467532467532,False,False,False,False,True
2025,19,United States Grand Prix,HAM,Ferrari,1,4.0,100.40239999999999,0.49961315034734943,-0.1305051546391762,28.267532467532465,45.04480519480519,22.532467532467532,False,False,False,True,False
2025,19,United States Grand Prix,LEC,Ferrari,1,2.0,100.264,0.5584572499305566,-0.16760309278350505,28.267532467532465,45.04480519480519,22.532467532467532,False,False,False,False,True
2025,19,United States Grand Prix,BEA,Haas F1 Team,1,8.0,101.11216666666667,0.8848180415580748,-0.2515981308411217,28.267532467532465,45.04480519480519,22.532467532467532,False,False,False,True,False
2025,19,United States Grand Prix,OCO,Haas F1 Team,1,15.0,102.15083333333332,1.4394694045608163,-0.3958411214953278,28.267532467532465,45.04480519480519,22.532467532467532,False,True,False,False,False
2025,19,United States Grand Prix,BOR,Kick Sauber,2,16.0,101.71250000000002,0.6484568605543501,-0.1786074766355147,28.267532467532465,45.04480519480519,22.532467532467532,False,False,False,False,True
2025,19,United States Grand Prix,HUL,Kick Sauber,1,11.0,101.09516666666666,0.7023162867730353,-0.19490654205607413,28.267532467532465,45.04480519480519,22.532467532467532,False,False,False,True,False
2025,19,United States Grand Prix,NOR,McLaren,1,3.0,100.2666,0.5308778578920038,-0.16735567010309355,28.267532467532465,45.04480519480519,22.532467532467532,False,False,False,True,False
2025,19,United States Grand Prix,PIA,McLaren,1,5.0,100.5714,0.1914714077871687,-0.03096907216494762,28.267532467532465,45.04480519480519,22.532467532467532,False,False,False,True,False
2025,19,United States Grand Prix,ANT,Mercedes,1,7.0,100.27433333333333,0.9720847013849514,-0.2694953271028039,28.267532467532465,45.04480519480519,22.532467532467532,False,False,False,True,False
2025,19,United States Grand Prix,RUS,Mercedes,1,6.0,100.77066666666667,0.38319429362487323,-0.045850467289719414,28.267532467532465,45.04480519480519,22.532467532467532,False,False,False,True,False
2025,19,United States Grand Prix,HAD,Racing Bulls,1,19.0,102.25266666666668,1.1858724495773814,-0.32244859813084015,28.267532467532465,45.04480519480519,22.532467532467532,False,True,False,False,False
2025,19,United States Grand Prix,LAW,Racing Bulls,1,13.0,101.53866666666666,0.6935478834706867,-0.18672897196261698,28.267532467532465,45.04480519480519,22.532467532467532,False,False,False,True,False
2025,19,United States Grand Prix,TSU,Red Bull Racing,1,10.0,100.7155,0.7468265528220057,-0.1403457943925232,28.267532467532465,45.04480519480519,22.532467532467532,False,False,False,True,False
2025,19,United States Grand Prix,VER,Red Bull Racing,1,1.0,99.9162,0.4521069563720513,-0.12081958762886555,28.267532467532465,45.04480519480519,22.532467532467532,False,False,False,True,False
2025,19,United States Grand Prix,ALB,Williams,2,20.0,101.166,1.3567301868831543,-0.39822429906542045,28.267532467532465,45.04480519480519,22.532467532467532,False,True,False,False,False
2025,19,United States Grand Prix,SAI,Williams,0,9.0,100.76725,0.4110363933603318,-0.1242999999999995,28.267532467532465,45.04480519480519,22.532467532467532,False,False,False,True,False
2025,20,Mexico City Grand Prix,COL,Alpine,1,20.0,86.640875,5.389064335366047,-1.0233278145695368,26.405555555555555,50.588271604938264,23.234567901234566,False,True,False,False,False
2025,20,Mexico City Grand Prix,GAS,Alpine,1,15.0,86.37675,3.3978697423112445,-0.729927152317881,26.405555555555555,50.588271604938264,23.234567901234566,False,False,False,True,False
2025,20,Mexico City Grand Prix,ALO,Aston Martin,1,16.0,85.413375,3.878310859768722,-0.7133410596026494,26.405555555555555,50.588271604938264,23.234567901234566,False,False,False,False,True
2025,20,Mexico City Grand Prix,STR,Aston Martin,2,19.0,85.75375,5.157218540204452,-0.9947880794701986,26.405555555555555,50.588271604938264,23.234567901234566,False,False,False,False,True
2025,20,Mexico City Grand Prix,HAM,Ferrari,2,3.0,83.394,1.5567505534652244,-0.3042913907284774,26.405555555555555,50.588271604938264,23.234567901234566,False,False,False,False,True
2025,20,Mexico City Grand Prix,LEC,Ferrari,1,2.0,83.13762500000001,1.3359916528289302,-0.26287086092715284,26.405555555555555,50.588271604938264,23.234567901234566,False,False,False,False,True
2025,20,Mexico City Grand Prix,BEA,Haas F1 Team,2,6.0,83.782625,2.116723069645961,-0.4037980132450323,26.405555555555555,50.588271604938264,23.234567901234566,False,False,False,False,True
2025,20,Mexico City Grand Prix,OCO,Haas F1 Team,1,10.0,84.50874999999999,2.6731243758140817,-0.46746357615893996,26.405555555555555,50.588271604938264,23.234567901234566,False,False,False,False,True
2025,20,Mexico City Grand Prix,BOR,Kick Sauber,1,13.0,84.982,3.1102192848736565,-0.5586754966887418,26.405555555555555,50.588271604938264,23.234567901234566,False,False,False,True,False
2025,20,Mexico City Grand Prix,HUL,Kick Sauber,0,17.0,85.91262499999999,3.905805932473202,-0.8017185430463574,26.405555555555555,50.588271604938264,23.234567901234566,False,False,False,False,True
2025,20,Mexico City Grand Prix,NOR,McLaren,1,1.0,82.80137500000001,0.8239576857200501,-0.18592384105960205,26.405555555555555,50.588271604938264,23.234567901234566,False,False,False,False,True
2025,20,Mexico City Grand Prix,PIA,McLaren,2,9.0,84.349625,2.562663343226005,-0.45591721854304584,26.405555555555555,50.588271604938264,23.234567901234566,False,False,False,False,True
2025,20,Mexico City Grand Prix,ANT,Mercedes,2,7.0,83.981875,2.275111076566217,-0.4063079470198681,26.405555555555555,50.588271604938264,23.234567901234566,False,False,False,False,True
2025,20,Mexico City Grand Prix,RUS,Mercedes,2,5.0,83.79925,1.8925900431494862,-0.30849668874172165,26.405555555555555,50.588271604938264,23.234567901234566,False,False,False,False,True
2025,20,Mexico City Grand Prix,HAD,Racing Bulls,1,11.0,84.71975,2.82401764209382,-0.45399337748344415,26.405555555555555,50.588271604938264,23.234567901234566,False,False,False,True,False
2025,20,Mexico City Grand Prix,LAW,Racing Bulls,1,14.0,89.99133333333333,4.425833405510577,-2.89657142857143,26.405555555555555,50.588271604938264,23.234567901234566,False,False,False,False,True
2025,20,Mexico City Grand Prix,TSU,Red Bull Racing,1,8.0,84.290125,2.407984957089939,-0.40571854304635774,26.405555555555555,50.588271604938264,23.234567901234566,False,False,False,True,False
2025,20,Mexico City Grand Prix,VER,Red Bull Racing,1,4.0,83.63437499999999,1.7136188055440678,-0.28809602649006616,26.405555555555555,50.588271604938264,23.234567901234566,False,False,False,True,False
2025,20,Mexico City Grand Prix,ALB,Williams,1,18.0,85.962,3.954080676971576,-0.8095099337748348,26.405555555555555,50.588271604938264,23.234567901234566,False,True,False,False,False
2025,20,Mexico City Grand Prix,SAI,Williams,3,12.0,85.1155,2.8876286365904344,-0.44568211920529766,26.405555555555555,50.588271604938264,23.234567901234566,False,False,False,True,False
2025,22,Las Vegas Grand Prix,COL,Alpine,1,16.0,99.05757142857144,0.6523209478834945,-0.2281428571428578,16.73404255319149,19.52978723404255,37.765957446808514,False,True,False,False,False
2025,22,Las Vegas Grand Prix,GAS,Alpine,1,17.0,97.90471428571429,0.4063580991710446,-0.17478571428571346,16.73404255319149,19.52978723404255,37.765957446808514,False,False,False,True,False
2025,22,Las Vegas Grand Prix,ALO,Aston Martin,1,10.0,98.03000000000002,0.42547620379993245,-0.17800000000000094,16.73404255319149,19.52978723404255,37.765957446808514,False,False,False,True,False
2025,22,Las Vegas Grand Prix,HAM,Ferrari,1,13.0,98.12071428571427,1.1006677843148531,-0.28135714285714286,16.73404255319149,19.52978723404255,37.765957446808514,False,True,False,False,False
2025,22,Las Vegas Grand Prix,LEC,Ferrari,1,9.0,97.11266666666667,0.6311436180986596,-0.29862857142857097,16.73404255319149,19.52978723404255,37.765957446808514,False,False,False,True,False
2025,22,Las Vegas Grand Prix,BEA,Haas F1 Team,1,8.0,98.14499999999998,0.6837900262507502,-0.3373714285714292,16.73404255319149,19.52978723404255,37.765957446808514,False,False,False,True,False
2025,22,Las Vegas Grand Prix,OCO,Haas F1 Team,1,12.0,97.91733333333333,0.3554060588491247,-0.14788571428571515,16.73404255319149,19.52978723404255,37.765957446808514,False,False,False,True,False
2025,22,Las Vegas Grand Prix,HUL,Kick Sauber,1,11.0,98.0555,0.5098940085939427,-0.21008571428571454,16.73404255319149,19.52978723404255,37.765957446808514,False,True,False,False,False
2025,22,Las Vegas Grand Prix,NOR,McLaren,1,3.0,96.91566666666667,0.3423376500863847,-0.15422857142857335,16.73404255319149,19.52978723404255,37.765957446808514,False,False,False,True,False
2025,22,Las Vegas Grand Prix,PIA,McLaren,1,7.0,97.24633333333334,0.4073645378118538,-0.1297142857142851,16.73404255319149,19.52978723404255,37.765957446808514,False,False,False,True,False
2025,22,Las Vegas Grand Prix,ANT,Mercedes,1,14.0,97.43271428571428,0.6861415583501975,-0.1605000000000005,16.73404255319149,19.52978723404255,37.765957446808514,False,False,False,False,True
2025,22,Las Vegas Grand Prix,RUS,Mercedes,1,2.0,96.731,0.19493280893682507,0.021771428571428178,16.73404255319149,19.52978723404255,37.765957446808514,False,False,False,True,False
2025,22,Las Vegas Grand Prix,HAD,Racing Bulls,1,5.0,97.30149999999999,0.250201318941367,-0.0908285714285723,16.73404255319149,19.52978723404255,37.765957446808514,False,False,False,True,False
2025,22,Las Vegas Grand Prix,LAW,Racing Bulls,2,6.0,97.89714285714285,0.49269071724271857,-0.21650000000000091,16.73404255319149,19.52978723404255,37.765957446808514,False,False,False,True,False
2025,22,Las Vegas Grand Prix,TSU,Red Bull Racing,2,18.0,97.55528571428572,0.5240126316180158,-0.23560714285714315,16.73404255319149,19.52978723404255,37.765957446808514,False,False,False,True,False
2025,22,Las Vegas Grand Prix,VER,Red Bull Racing,1,1.0,96.70300000000002,0.4064180114118987,-0.09188571428571411,16.73404255319149,19.52978723404255,37.765957446808514,False,False,False,True,False
2025,22,Las Vegas Grand Prix,ALB,Williams,3,15.0,98.10900000000001,0.8895058553301728,-0.27317857142857144,16.73404255319149,19.52978723404255,37.765957446808514,False,True,False,False,False
2025,22,Las Vegas Grand Prix,SAI,Williams,1,4.0,97.348,0.2866049545977881,-0.10462857142857201,16.73404255319149,19.52978723404255,37.765957446808514,False,False,False,True,False
2025,23,Qatar Grand Prix,COL,Alpine,2,20.0,90.7275,3.9939425008379876,-1.542200000000001,22.599328859060403,28.160402684563756,69.04697986577182,False,True,False,False,False
2025,23,Qatar Grand Prix,GAS,Alpine,2,9.0,89.33883333333331,2.1647881574571377,-0.8779714285714285,22.599328859060403,28.160402684563756,69.04697986577182,False,False,False,True,False
2025,23,Qatar Grand Prix,ALO,Aston Martin,2,6.0,88.65016666666668,1.6766356093876398,-0.6549999999999991,22.599328859060403,28.160402684563756,69.04697986577182,False,False,False,True,False
2025,23,Qatar Grand Prix,STR,Aston Martin,3,19.0,90.40833333333335,3.8166533333100414,-1.479028571428571,22.599328859060403,28.160402684563756,69.04697986577182,False,False,False,True,False
2025,23,Qatar Grand Prix,HAM,Ferrari,2,14.0,89.95483333333334,2.930748055815554,-1.1799142857142837,22.599328859060403,28.160402684563756,69.04697986577182,False,False,False,False,True
2025,23,Qatar Grand Prix,LEC,Ferrari,2,10.0,89.54816666666666,2.3946560017394285,-1.0155714285714283,22.599328859060403,28.160402684563756,69.04697986577182,False,False,False,True,False
2025,23,Qatar Grand Prix,BEA,Haas F1 Team,3,12.0,89.64733333333334,2.662131902567315,-1.1134285714285723,22.599328859060403,28.160402684563756,69.04697986577182,False,False,False,True,False
2025,23,Qatar Grand Prix,OCO,Haas F1 Team,3,15.0,90.06716666666667,3.0821266305372115,-1.236942857142856,22.599328859060403,28.160402684563756,69.04697986577182,False,False,False,True,False
2025,23,Qatar Grand Prix,BOR,Kick Sauber,2,18.0,90.51616666666666,3.769129470669144,-1.4692285714285713,22.599328859060403,28.160402684563756,69.04697986577182,False,False,False,True,False
2025,23,Qatar Grand Prix,HUL,Kick Sauber,0,11.0,89.41466666666666,2.4904481256727027,-0.9596000000000005,22.599328859060403,28.160402684563756,69.04697986577182,False,False,False,False,True
2025,23,Qatar Grand Prix,NOR,McLaren,2,3.0,87.80733333333332,1.150031767677166,-0.5124000000000003,22.599328859060403,28.160402684563756,69.04697986577182,False,False,False,True,False
2025,23,Qatar Grand Prix,PIA,McLaren,2,1.0,87.0885,0.31442693904943747,-0.14117142857142864,22.599328859060403,28.160402684563756,69.04697986577182,False,False,False,True,False
2025,23,Qatar Grand Prix,ANT,Mercedes,2,4.0,88.11599999999999,1.2935028411255973,-0.53302857142857,22.599328859060403,28.160402684563756,69.04697986577182,False,False,False,True,False
2025,23,Qatar Grand Prix,RUS,Mercedes,2,7.0,88.80333333333334,1.8620543135651713,-0.704799999999999,22.599328859060403,28.160402684563756,69.04697986577182,False,False,False,True,False
2025,23,Qatar Grand Prix,HAD,Racing Bulls,2,8.0,89.02316666666667,2.0229826906492954,-0.7970571428571435,22.599328859060403,28.160402684563756,69.04697986577182,False,False,False,True,False
2025,23,Qatar Grand Prix,LAW,Racing Bulls,2,13.0,89.79783333333332,2.798392353953724,-1.1480285714285714,22.599328859060403,28.160402684563756,69.04697986577182,False,False,False,True,False
2025,23,Qatar Grand Prix,TSU,Red Bull Racing,2,16.0,90.15216666666667,3.363155626293058,-1.305971428571429,22.599328859060403,28.160402684563756,69.04697986577182,False,False,False,True,False
2025,23,Qatar Grand Prix,VER,Red Bull Racing,2,2.0,87.515,0.7348368526414533,-0.3082857142857132,22.599328859060403,28.160402684563756,69.04697986577182,False,False,False,True,False
2025,23,Qatar Grand Prix,ALB,Williams,2,17.0,90.27416666666666,3.353874619997992,-1.3437428571428578,22.599328859060403,28.160402684563756,69.04697986577182,False,True,False,False,False
2025,23,Qatar Grand Prix,SAI,Williams,2,5.0,88.40350000000001,1.4764179286367363,-0.6109428571428562,22.599328859060403,28.160402684563756,69.04697986577182,False,False,False,True,False
2025,24,Abu Dhabi Grand Prix,COL,Alpine,2,20.0,92.0808,3.4009430652884136,-0.6768121212121212,26.674025974025977,31.06168831168831,60.44155844155844,False,False,False,True,False
2025,24,Abu Dhabi Grand Prix,GAS,Alpine,2,19.0,91.8758,3.3348915624549686,-0.6618060606060612,26.674025974025977,31.06168831168831,60.44155844155844,False,False,False,True,False
2025,24,Abu Dhabi Grand Prix,ALO,Aston Martin,1,5.0,90.73929999999999,1.5135806002104202,-0.2945757575757575,26.674025974025977,31.06168831168831,60.44155844155844,False,False,False,True,False
2025,24,Abu Dhabi Grand Prix,STR,Aston Martin,1,16.0,91.44550000000001,3.150828647620602,-0.6313272727272728,26.674025974025977,31.06168831168831,60.44155844155844,False,True,False,False,False
2025,24,Abu Dhabi Grand Prix,HAM,Ferrari,2,14.0,93.1472,6.14209864242942,0.2172121212121216,26.674025974025977,31.06168831168831,60.44155844155844,False,False,False,False,True
2025,24,Abu Dhabi Grand Prix,LEC,Ferrari,2,4.0,90.2697,1.5405133379638234,-0.29994545454545474,26.674025974025977,31.06168831168831,60.44155844155844,False,False,False,True,False
2025,24,Abu Dhabi Grand Prix,BEA,Haas F1 Team,1,12.0,91.30260000000001,2.5041160427495295,-0.4544969696969696,26.674025974025977,31.06168831168831,60.44155844155844,False,False,False,True,False
2025,24,Abu Dhabi Grand Prix,OCO,Haas F1 Team,1,9.0,91.0331,2.125105197396118,-0.3789757575757579,26.674025974025977,31.06168831168831,60.44155844155844,False,False,False,True,False
2025,24,Abu Dhabi Grand Prix,BOR,Kick Sauber,1,7.0,90.83630000000001,1.8027087673831292,-0.33662424242424227,26.674025974025977,31.06168831168831,60.44155844155844,False,False,False,True,False
2025,24,Abu Dhabi Grand Prix,HUL,Kick Sauber,2,18.0,93.28580000000001,6.391589244207319,-0.22873939393939388,26.674025974025977,31.06168831168831,60.44155844155844,False,False,False,False,True
2025,24,Abu Dhabi Grand Prix,NOR,McLaren,2,3.0,90.1673,1.3371116507856273,-0.2620303030303025,26.674025974025977,31.06168831168831,60.44155844155844,False,False,False,True,False
2025,24,Abu Dhabi Grand Prix,PIA,McLaren,1,2.0,89.98190000000001,1.0391714060303598,-0.2050484848484851,26.674025974025977,31.06168831168831,60.44155844155844,False,True,False,False,False
2025,24,Abu Dhabi Grand Prix,ANT,Mercedes,1,17.0,91.5289,3.265899755214649,-0.6600060606060607,26.674025974025977,31.06168831168831,60.44155844155844,False,True,False,False,False
2025,24,Abu Dhabi Grand Prix,RUS,Mercedes,1,6.0,90.5498,1.7534976982527752,-0.30606060606060653,26.674025974025977,31.06168831168831,60.44155844155844,False,False,False,True,False
2025,24,Abu Dhabi Grand Prix,HAD,Racing Bulls,1,8.0,90.9494,2.01130500477233,-0.35087272727272684,26.674025974025977,31.06168831168831,60.44155844155844,False,False,False,True,False
2025,24,Abu Dhabi Grand Prix,LAW,Racing Bulls,1,11.0,91.22789999999999,2.395936349089617,-0.4322969696969698,26.674025974025977,31.06168831168831,60.44155844155844,False,False,False,True,False
2025,24,Abu Dhabi Grand Prix,TSU,Red Bull Racing,1,10.0,91.14779999999999,2.2599364199512815,-0.40242424242424246,26.674025974025977,31.06168831168831,60.44155844155844,False,True,False,False,False
2025,24,Abu Dhabi Grand Prix,VER,Red Bull Racing,1,1.0,89.76020000000001,0.6997230880855668,-0.10294545454545527,26.674025974025977,31.06168831168831,60.44155844155844,False,False,False,True,False
2025,24,Abu Dhabi Grand Prix,ALB,Williams,2,15.0,93.423,6.3350066912180765,0.22666666666666654,26.674025974025977,31.06168831168831,60.44155844155844,False,False,False,False,True
2025,24,Abu Dhabi Grand Prix,SAI,Williams,1,13.0,91.3881,2.7353825021984295,-0.543278787878788,26.674025974025977,31.06168831168831,60.44155844155844,False,False,False,True,False
